"0x2203 'IO\IO.M0.AI.B0Z.Val'"	"0x8100"	"IO.M0.AI.B0Z.Val"	"IO.M0.AI.B0Z.Val"	"IO.M0.AI.B0Z.Val"	"IO.M0.AI.B0Z.Val"	"IO.M0.AI.B0Z.Val"	"IO.M0.AI.B0Z.Val"	"IO.M0.AI.B0Z.Val"	"IO.M0.AI.B0Z.Val"	
"0x2203 'IO\IO.M0.AI.B4.Val'"	"0x8100"	"IO.M0.AI.B4.Val"	"IO.M0.AI.B4.Val"	"IO.M0.AI.B4.Val"	"IO.M0.AI.B4.Val"	"IO.M0.AI.B4.Val"	"IO.M0.AI.B4.Val"	"IO.M0.AI.B4.Val"	"IO.M0.AI.B4.Val"	
"0x2203 'IO\IO.M0.AI.B51.Val'"	"0x8100"	"IO.M0.AI.B51.Val"	"IO.M0.AI.B51.Val"	"IO.M0.AI.B51.Val"	"IO.M0.AI.B51.Val"	"IO.M0.AI.B51.Val"	"IO.M0.AI.B51.Val"	"IO.M0.AI.B51.Val"	"IO.M0.AI.B51.Val"	
"0x2203 'IO\IO.M0.AI.B31.Val'"	"0x8100"	"IO.M0.AI.B31.Val"	"IO.M0.AI.B31.Val"	"IO.M0.AI.B31.Val"	"IO.M0.AI.B31.Val"	"IO.M0.AI.B31.Val"	"IO.M0.AI.B31.Val"	"IO.M0.AI.B31.Val"	"IO.M0.AI.B31.Val"	
"0x2203 'IO\IO.M0.AI.B32.Val'"	"0x8100"	"IO.M0.AI.B32.Val"	"IO.M0.AI.B32.Val"	"IO.M0.AI.B32.Val"	"IO.M0.AI.B32.Val"	"IO.M0.AI.B32.Val"	"IO.M0.AI.B32.Val"	"IO.M0.AI.B32.Val"	"IO.M0.AI.B32.Val"	
"0x2203 'IO\IO.M0.AI.B41.Val'"	"0x8100"	"IO.M0.AI.B41.Val"	"IO.M0.AI.B41.Val"	"IO.M0.AI.B41.Val"	"IO.M0.AI.B41.Val"	"IO.M0.AI.B41.Val"	"IO.M0.AI.B41.Val"	"IO.M0.AI.B41.Val"	"IO.M0.AI.B41.Val"	
"0x2204 'IO\IO.M0.DI.AUTO.Val'"	"0x8100"	"IO.M0.DI.AUTO.Val"	"IO.M0.DI.AUTO.Val"	"IO.M0.DI.AUTO.Val"	"IO.M0.DI.AUTO.Val"	"IO.M0.DI.AUTO.Val"	"IO.M0.DI.AUTO.Val"	"IO.M0.DI.AUTO.Val"	"IO.M0.DI.AUTO.Val"	
"0x2204 'IO\IO.M0.DI.ROCNO.Val'"	"0x8100"	"IO.M0.DI.ROCNO.Val"	"IO.M0.DI.ROCNO.Val"	"IO.M0.DI.ROCNO.Val"	"IO.M0.DI.ROCNO.Val"	"IO.M0.DI.ROCNO.Val"	"IO.M0.DI.ROCNO.Val"	"IO.M0.DI.ROCNO.Val"	"IO.M0.DI.ROCNO.Val"	
"0x2203 'IO\IO.M0.AI.B42.Val'"	"0x8100"	"IO.M0.AI.B42.Val"	"IO.M0.AI.B42.Val"	"IO.M0.AI.B42.Val"	"IO.M0.AI.B42.Val"	"IO.M0.AI.B42.Val"	"IO.M0.AI.B42.Val"	"IO.M0.AI.B42.Val"	"IO.M0.AI.B42.Val"	
"0x2203 'IO\IO.M0.AI.TJ1.Val'"	"0x8100"	"IO.M0.AI.TJ1.Val"	"IO.M0.AI.TJ1.Val"	"IO.M0.AI.TJ1.Val"	"IO.M0.AI.TJ1.Val"	"IO.M0.AI.TJ1.Val"	"IO.M0.AI.TJ1.Val"	"IO.M0.AI.TJ1.Val"	"IO.M0.AI.TJ1.Val"	
"0x2203 'IO\IO.M0.AI.TJ2.Val'"	"0x8100"	"IO.M0.AI.TJ2.Val"	"IO.M0.AI.TJ2.Val"	"IO.M0.AI.TJ2.Val"	"IO.M0.AI.TJ2.Val"	"IO.M0.AI.TJ2.Val"	"IO.M0.AI.TJ2.Val"	"IO.M0.AI.TJ2.Val"	"IO.M0.AI.TJ2.Val"	
"0x2203 'IO\IO.M0.AI.B52.Val'"	"0x8100"	"IO.M0.AI.B52.Val"	"IO.M0.AI.B52.Val"	"IO.M0.AI.B52.Val"	"IO.M0.AI.B52.Val"	"IO.M0.AI.B52.Val"	"IO.M0.AI.B52.Val"	"IO.M0.AI.B52.Val"	"IO.M0.AI.B52.Val"	
"0x2204 'IO\IO.M0.Alm.U.Val'"	"0x8100"	"IO.M0.Alm.U.Val"	"IO.M0.Alm.U.Val"	"IO.M0.Alm.U.Val"	"IO.M0.Alm.U.Val"	"IO.M0.Alm.U.Val"	"IO.M0.Alm.U.Val"	"IO.M0.Alm.U.Val"	"IO.M0.Alm.U.Val"	
"0x2207 'IO\IO.M0.DO.C3.Cmd'"	"0x8100"	"IO.M0.DO.C3.Cmd"	"IO.M0.DO.C3.Cmd"	"IO.M0.DO.C3.Cmd"	"IO.M0.DO.C3.Cmd"	"IO.M0.DO.C3.Cmd"	"IO.M0.DO.C3.Cmd"	"IO.M0.DO.C3.Cmd"	"IO.M0.DO.C3.Cmd"	
"0x2207 'IO\IO.M0.DO.C4.Cmd'"	"0x8100"	"IO.M0.DO.C4.Cmd"	"IO.M0.DO.C4.Cmd"	"IO.M0.DO.C4.Cmd"	"IO.M0.DO.C4.Cmd"	"IO.M0.DO.C4.Cmd"	"IO.M0.DO.C4.Cmd"	"IO.M0.DO.C4.Cmd"	"IO.M0.DO.C4.Cmd"	
"0x2207 'IO\IO.M0.DO.C5.Cmd'"	"0x8100"	"IO.M0.DO.C5.Cmd"	"IO.M0.DO.C5.Cmd"	"IO.M0.DO.C5.Cmd"	"IO.M0.DO.C5.Cmd"	"IO.M0.DO.C5.Cmd"	"IO.M0.DO.C5.Cmd"	"IO.M0.DO.C5.Cmd"	"IO.M0.DO.C5.Cmd"	
"0x2207 'IO\IO.M0.DO.C1.Cmd'"	"0x8100"	"IO.M0.DO.C1.Cmd"	"IO.M0.DO.C1.Cmd"	"IO.M0.DO.C1.Cmd"	"IO.M0.DO.C1.Cmd"	"IO.M0.DO.C1.Cmd"	"IO.M0.DO.C1.Cmd"	"IO.M0.DO.C1.Cmd"	"IO.M0.DO.C1.Cmd"	
"0x2207 'IO\IO.M0.DO.ALARM.Cmd'"	"0x8100"	"IO.M0.DO.ALARM.Cmd"	"IO.M0.DO.ALARM.Cmd"	"IO.M0.DO.ALARM.Cmd"	"IO.M0.DO.ALARM.Cmd"	"IO.M0.DO.ALARM.Cmd"	"IO.M0.DO.ALARM.Cmd"	"IO.M0.DO.ALARM.Cmd"	"IO.M0.DO.ALARM.Cmd"	
"0x2207 'IO\IO.M0.DO.C11.Cmd'"	"0x8100"	"IO.M0.DO.C11.Cmd"	"IO.M0.DO.C11.Cmd"	"IO.M0.DO.C11.Cmd"	"IO.M0.DO.C11.Cmd"	"IO.M0.DO.C11.Cmd"	"IO.M0.DO.C11.Cmd"	"IO.M0.DO.C11.Cmd"	"IO.M0.DO.C11.Cmd"	
"0x2203 'IO\IO.M1.AI.BTS1.Val'"	"0x8100"	"IO.M1.AI.BTS1.Val"	"IO.M1.AI.BTS1.Val"	"IO.M1.AI.BTS1.Val"	"IO.M1.AI.BTS1.Val"	"IO.M1.AI.BTS1.Val"	"IO.M1.AI.BTS1.Val"	"IO.M1.AI.BTS1.Val"	"IO.M1.AI.BTS1.Val"	
"0x2203 'IO\IO.M1.AI.BTS2.Val'"	"0x8100"	"IO.M1.AI.BTS2.Val"	"IO.M1.AI.BTS2.Val"	"IO.M1.AI.BTS2.Val"	"IO.M1.AI.BTS2.Val"	"IO.M1.AI.BTS2.Val"	"IO.M1.AI.BTS2.Val"	"IO.M1.AI.BTS2.Val"	"IO.M1.AI.BTS2.Val"	
"0x2203 'IO\IO.M1.AI.BTS3.Val'"	"0x8100"	"IO.M1.AI.BTS3.Val"	"IO.M1.AI.BTS3.Val"	"IO.M1.AI.BTS3.Val"	"IO.M1.AI.BTS3.Val"	"IO.M1.AI.BTS3.Val"	"IO.M1.AI.BTS3.Val"	"IO.M1.AI.BTS3.Val"	"IO.M1.AI.BTS3.Val"	
"0x2203 'IO\IO.M1.AI.BTRrH.Val'"	"0x8100"	"IO.M1.AI.BTRrH.Val"	"IO.M1.AI.BTRrH.Val"	"IO.M1.AI.BTRrH.Val"	"IO.M1.AI.BTRrH.Val"	"IO.M1.AI.BTRrH.Val"	"IO.M1.AI.BTRrH.Val"	"IO.M1.AI.BTRrH.Val"	"IO.M1.AI.BTRrH.Val"	
"0x2203 'IO\IO.M1.AI.BTRT.Val'"	"0x8100"	"IO.M1.AI.BTRT.Val"	"IO.M1.AI.BTRT.Val"	"IO.M1.AI.BTRT.Val"	"IO.M1.AI.BTRT.Val"	"IO.M1.AI.BTRT.Val"	"IO.M1.AI.BTRT.Val"	"IO.M1.AI.BTRT.Val"	"IO.M1.AI.BTRT.Val"	
"0x2204 'IO\IO.M1.Alm.C3.Val'"	"0x8100"	"IO.M1.Alm.C3.Val"	"IO.M1.Alm.C3.Val"	"IO.M1.Alm.C3.Val"	"IO.M1.Alm.C3.Val"	"IO.M1.Alm.C3.Val"	"IO.M1.Alm.C3.Val"	"IO.M1.Alm.C3.Val"	"IO.M1.Alm.C3.Val"	
"0x2204 'IO\IO.M1.Alm.C4.Val'"	"0x8100"	"IO.M1.Alm.C4.Val"	"IO.M1.Alm.C4.Val"	"IO.M1.Alm.C4.Val"	"IO.M1.Alm.C4.Val"	"IO.M1.Alm.C4.Val"	"IO.M1.Alm.C4.Val"	"IO.M1.Alm.C4.Val"	"IO.M1.Alm.C4.Val"	
"0x2204 'IO\IO.M1.Alm.C5.Val'"	"0x8100"	"IO.M1.Alm.C5.Val"	"IO.M1.Alm.C5.Val"	"IO.M1.Alm.C5.Val"	"IO.M1.Alm.C5.Val"	"IO.M1.Alm.C5.Val"	"IO.M1.Alm.C5.Val"	"IO.M1.Alm.C5.Val"	"IO.M1.Alm.C5.Val"	
"0x2204 'IO\IO.M1.Alm.C1.Val'"	"0x8100"	"IO.M1.Alm.C1.Val"	"IO.M1.Alm.C1.Val"	"IO.M1.Alm.C1.Val"	"IO.M1.Alm.C1.Val"	"IO.M1.Alm.C1.Val"	"IO.M1.Alm.C1.Val"	"IO.M1.Alm.C1.Val"	"IO.M1.Alm.C1.Val"	
"0x2206 'IO\IO.M1.AO.M3.Cmd'"	"0x8100"	"IO.M1.AO.M3.Cmd"	"IO.M1.AO.M3.Cmd"	"IO.M1.AO.M3.Cmd"	"IO.M1.AO.M3.Cmd"	"IO.M1.AO.M3.Cmd"	"IO.M1.AO.M3.Cmd"	"IO.M1.AO.M3.Cmd"	"IO.M1.AO.M3.Cmd"	
"0x2206 'IO\IO.M1.AO.M4.Cmd'"	"0x8100"	"IO.M1.AO.M4.Cmd"	"IO.M1.AO.M4.Cmd"	"IO.M1.AO.M4.Cmd"	"IO.M1.AO.M4.Cmd"	"IO.M1.AO.M4.Cmd"	"IO.M1.AO.M4.Cmd"	"IO.M1.AO.M4.Cmd"	"IO.M1.AO.M4.Cmd"	
"0x2203 'IO\IO.M2.AI.BOZ.Val'"	"0x8100"	"IO.M2.AI.BOZ.Val"	"IO.M2.AI.BOZ.Val"	"IO.M2.AI.BOZ.Val"	"IO.M2.AI.BOZ.Val"	"IO.M2.AI.BOZ.Val"	"IO.M2.AI.BOZ.Val"	"IO.M2.AI.BOZ.Val"	"IO.M2.AI.BOZ.Val"	
"0x2203 'IO\IO.M2.AI.BOS.Val'"	"0x8100"	"IO.M2.AI.BOS.Val"	"IO.M2.AI.BOS.Val"	"IO.M2.AI.BOS.Val"	"IO.M2.AI.BOS.Val"	"IO.M2.AI.BOS.Val"	"IO.M2.AI.BOS.Val"	"IO.M2.AI.BOS.Val"	"IO.M2.AI.BOS.Val"	
"0x2203 'IO\IO.M2.AI.BHZ.Val'"	"0x8100"	"IO.M2.AI.BHZ.Val"	"IO.M2.AI.BHZ.Val"	"IO.M2.AI.BHZ.Val"	"IO.M2.AI.BHZ.Val"	"IO.M2.AI.BHZ.Val"	"IO.M2.AI.BHZ.Val"	"IO.M2.AI.BHZ.Val"	"IO.M2.AI.BHZ.Val"	
"0x2203 'IO\IO.M2.AI.BHS.Val'"	"0x8100"	"IO.M2.AI.BHS.Val"	"IO.M2.AI.BHS.Val"	"IO.M2.AI.BHS.Val"	"IO.M2.AI.BHS.Val"	"IO.M2.AI.BHS.Val"	"IO.M2.AI.BHS.Val"	"IO.M2.AI.BHS.Val"	"IO.M2.AI.BHS.Val"	
"0x2203 'IO\IO.M2.AI.BHZ2.Val'"	"0x8100"	"IO.M2.AI.BHZ2.Val"	"IO.M2.AI.BHZ2.Val"	"IO.M2.AI.BHZ2.Val"	"IO.M2.AI.BHZ2.Val"	"IO.M2.AI.BHZ2.Val"	"IO.M2.AI.BHZ2.Val"	"IO.M2.AI.BHZ2.Val"	"IO.M2.AI.BHZ2.Val"	
"0x2203 'IO\IO.M2.AI.BHS2.Val'"	"0x8100"	"IO.M2.AI.BHS2.Val"	"IO.M2.AI.BHS2.Val"	"IO.M2.AI.BHS2.Val"	"IO.M2.AI.BHS2.Val"	"IO.M2.AI.BHS2.Val"	"IO.M2.AI.BHS2.Val"	"IO.M2.AI.BHS2.Val"	"IO.M2.AI.BHS2.Val"	
"0x2206 'IO\IO.M2.AO.YHG.Cmd'"	"0x8100"	"IO.M2.AO.YHG.Cmd"	"IO.M2.AO.YHG.Cmd"	"IO.M2.AO.YHG.Cmd"	"IO.M2.AO.YHG.Cmd"	"IO.M2.AO.YHG.Cmd"	"IO.M2.AO.YHG.Cmd"	"IO.M2.AO.YHG.Cmd"	"IO.M2.AO.YHG.Cmd"	
"0x2203 'IO\IO.M3.AI.TJ11.Val'"	"0x8100"	"IO.M3.AI.TJ11.Val"	"IO.M3.AI.TJ11.Val"	"IO.M3.AI.TJ11.Val"	"IO.M3.AI.TJ11.Val"	"IO.M3.AI.TJ11.Val"	"IO.M3.AI.TJ11.Val"	"IO.M3.AI.TJ11.Val"	"IO.M3.AI.TJ11.Val"	
"0x2203 'IO\IO.M3.AI.TJ21.Val'"	"0x8100"	"IO.M3.AI.TJ21.Val"	"IO.M3.AI.TJ21.Val"	"IO.M3.AI.TJ21.Val"	"IO.M3.AI.TJ21.Val"	"IO.M3.AI.TJ21.Val"	"IO.M3.AI.TJ21.Val"	"IO.M3.AI.TJ21.Val"	"IO.M3.AI.TJ21.Val"	
"0x2204 'IO\IO.M3.Alm.HA1.Val'"	"0x8100"	"IO.M3.Alm.HA1.Val"	"IO.M3.Alm.HA1.Val"	"IO.M3.Alm.HA1.Val"	"IO.M3.Alm.HA1.Val"	"IO.M3.Alm.HA1.Val"	"IO.M3.Alm.HA1.Val"	"IO.M3.Alm.HA1.Val"	"IO.M3.Alm.HA1.Val"	
"0x2204 'IO\IO.M3.DI.HA1.Val'"	"0x8100"	"IO.M3.DI.HA1.Val"	"IO.M3.DI.HA1.Val"	"IO.M3.DI.HA1.Val"	"IO.M3.DI.HA1.Val"	"IO.M3.DI.HA1.Val"	"IO.M3.DI.HA1.Val"	"IO.M3.DI.HA1.Val"	"IO.M3.DI.HA1.Val"	
"0x2204 'IO\IO.M3.Alm.HA2.Val'"	"0x8100"	"IO.M3.Alm.HA2.Val"	"IO.M3.Alm.HA2.Val"	"IO.M3.Alm.HA2.Val"	"IO.M3.Alm.HA2.Val"	"IO.M3.Alm.HA2.Val"	"IO.M3.Alm.HA2.Val"	"IO.M3.Alm.HA2.Val"	"IO.M3.Alm.HA2.Val"	
"0x2204 'IO\IO.M3.DI.HA2.Val'"	"0x8100"	"IO.M3.DI.HA2.Val"	"IO.M3.DI.HA2.Val"	"IO.M3.DI.HA2.Val"	"IO.M3.DI.HA2.Val"	"IO.M3.DI.HA2.Val"	"IO.M3.DI.HA2.Val"	"IO.M3.DI.HA2.Val"	"IO.M3.DI.HA2.Val"	
"0x2207 'IO\IO.M3.DO.HA1.Cmd'"	"0x8100"	"IO.M3.DO.HA1.Cmd"	"IO.M3.DO.HA1.Cmd"	"IO.M3.DO.HA1.Cmd"	"IO.M3.DO.HA1.Cmd"	"IO.M3.DO.HA1.Cmd"	"IO.M3.DO.HA1.Cmd"	"IO.M3.DO.HA1.Cmd"	"IO.M3.DO.HA1.Cmd"	
"0x2207 'IO\IO.M3.DO.HA2.Cmd'"	"0x8100"	"IO.M3.DO.HA2.Cmd"	"IO.M3.DO.HA2.Cmd"	"IO.M3.DO.HA2.Cmd"	"IO.M3.DO.HA2.Cmd"	"IO.M3.DO.HA2.Cmd"	"IO.M3.DO.HA2.Cmd"	"IO.M3.DO.HA2.Cmd"	"IO.M3.DO.HA2.Cmd"	
"0x2207 'IO\IO.M3.DO.HA1OE.Cmd'"	"0x8100"	"IO.M3.DO.HA1OE.Cmd"	"IO.M3.DO.HA1OE.Cmd"	"IO.M3.DO.HA1OE.Cmd"	"IO.M3.DO.HA1OE.Cmd"	"IO.M3.DO.HA1OE.Cmd"	"IO.M3.DO.HA1OE.Cmd"	"IO.M3.DO.HA1OE.Cmd"	"IO.M3.DO.HA1OE.Cmd"	
"0x2207 'IO\IO.M3.DO.HA2OE.Cmd'"	"0x8100"	"IO.M3.DO.HA2OE.Cmd"	"IO.M3.DO.HA2OE.Cmd"	"IO.M3.DO.HA2OE.Cmd"	"IO.M3.DO.HA2OE.Cmd"	"IO.M3.DO.HA2OE.Cmd"	"IO.M3.DO.HA2OE.Cmd"	"IO.M3.DO.HA2OE.Cmd"	"IO.M3.DO.HA2OE.Cmd"	
"0x2203 'IO\IO.M4.AI.TJ12.Val'"	"0x8100"	"IO.M4.AI.TJ12.Val"	"IO.M4.AI.TJ12.Val"	"IO.M4.AI.TJ12.Val"	"IO.M4.AI.TJ12.Val"	"IO.M4.AI.TJ12.Val"	"IO.M4.AI.TJ12.Val"	"IO.M4.AI.TJ12.Val"	"IO.M4.AI.TJ12.Val"	
"0x2203 'IO\IO.M4.AI.TJ22.Val'"	"0x8100"	"IO.M4.AI.TJ22.Val"	"IO.M4.AI.TJ22.Val"	"IO.M4.AI.TJ22.Val"	"IO.M4.AI.TJ22.Val"	"IO.M4.AI.TJ22.Val"	"IO.M4.AI.TJ22.Val"	"IO.M4.AI.TJ22.Val"	"IO.M4.AI.TJ22.Val"	
"0x2203 'IO\IO.M4.AI.TJ3.Val'"	"0x8100"	"IO.M4.AI.TJ3.Val"	"IO.M4.AI.TJ3.Val"	"IO.M4.AI.TJ3.Val"	"IO.M4.AI.TJ3.Val"	"IO.M4.AI.TJ3.Val"	"IO.M4.AI.TJ3.Val"	"IO.M4.AI.TJ3.Val"	"IO.M4.AI.TJ3.Val"	
"0x2203 'IO\IO.M4.AI.TJ4.Val'"	"0x8100"	"IO.M4.AI.TJ4.Val"	"IO.M4.AI.TJ4.Val"	"IO.M4.AI.TJ4.Val"	"IO.M4.AI.TJ4.Val"	"IO.M4.AI.TJ4.Val"	"IO.M4.AI.TJ4.Val"	"IO.M4.AI.TJ4.Val"	"IO.M4.AI.TJ4.Val"	
"0x2204 'IO\IO.M4.Alm.DV.Val'"	"0x8100"	"IO.M4.Alm.DV.Val"	"IO.M4.Alm.DV.Val"	"IO.M4.Alm.DV.Val"	"IO.M4.Alm.DV.Val"	"IO.M4.Alm.DV.Val"	"IO.M4.Alm.DV.Val"	"IO.M4.Alm.DV.Val"	"IO.M4.Alm.DV.Val"	
"0x2203 'IO\IO.M4.AI.TJ5.Val'"	"0x8100"	"IO.M4.AI.TJ5.Val"	"IO.M4.AI.TJ5.Val"	"IO.M4.AI.TJ5.Val"	"IO.M4.AI.TJ5.Val"	"IO.M4.AI.TJ5.Val"	"IO.M4.AI.TJ5.Val"	"IO.M4.AI.TJ5.Val"	"IO.M4.AI.TJ5.Val"	
"0x2203 'IO\IO.M4.AI.TJ6.Val'"	"0x8100"	"IO.M4.AI.TJ6.Val"	"IO.M4.AI.TJ6.Val"	"IO.M4.AI.TJ6.Val"	"IO.M4.AI.TJ6.Val"	"IO.M4.AI.TJ6.Val"	"IO.M4.AI.TJ6.Val"	"IO.M4.AI.TJ6.Val"	"IO.M4.AI.TJ6.Val"	
"0x2204 'IO\IO.M4.Alm.C11.Val'"	"0x8100"	"IO.M4.Alm.C11.Val"	"IO.M4.Alm.C11.Val"	"IO.M4.Alm.C11.Val"	"IO.M4.Alm.C11.Val"	"IO.M4.Alm.C11.Val"	"IO.M4.Alm.C11.Val"	"IO.M4.Alm.C11.Val"	"IO.M4.Alm.C11.Val"	
