"0x2203 'IO\IO.M0.AI.B0Z.Val'"	"0x010D"	"IO.M0.AI.B0Z.Val"	"B0Z-T.zunanja"	"B0Z-T.zunanja"	"B0Z-T.zunanja"	"B0Z-T.zunanja"	"B0Z-T.zunanja"	"B0Z-T.zunanja"	"B0Z-T.zunanja"	"B0Z-T.zunanja"
"0x2203 'IO\IO.M0.AI.B4.Val'"	"0x010D"	"IO.M0.AI.B4.Val"	"B4-T.gr.san.vode"	"B4-T.gr.san.vode"	"B4-T.gr.san.vode"	"B4-T.gr.san.vode"	"B4-T.gr.san.vode"	"B4-T.gr.san.vode"	"B4-T.gr.san.vode"	"B4-T.gr.san.vode"
"0x2203 'IO\IO.M0.AI.B51.Val'"	"0x010D"	"IO.M0.AI.B51.Val"	"B51-T.grelnik zraka predtok"	"B51-T.grelnik zraka predtok"	"B51-T.grelnik zraka predtok"	"B51-T.grelnik zraka predtok"	"B51-T.grelnik zraka predtok"	"B51-T.grelnik zraka predtok"	"B51-T.grelnik zraka predtok"	"B51-T.grelnik zraka predtok"
"0x2203 'IO\IO.M0.AI.B31.Val'"	"0x010D"	"IO.M0.AI.B31.Val"	"B31-T.grelnik zraka dovod iz TP"	"B31-T.grelnik zraka dovod iz TP"	"B31-T.grelnik zraka dovod iz TP"	"B31-T.grelnik zraka dovod iz TP"	"B31-T.grelnik zraka dovod iz TP"	"B31-T.grelnik zraka dovod iz TP"	"B31-T.grelnik zraka dovod iz TP"	"B31-T.grelnik zraka dovod iz TP"
"0x2203 'IO\IO.M0.AI.B32.Val'"	"0x010D"	"IO.M0.AI.B32.Val"	"B32-T.grelnik zraka povratek"	"B32-T.grelnik zraka povratek"	"B32-T.grelnik zraka povratek"	"B32-T.grelnik zraka povratek"	"B32-T.grelnik zraka povratek"	"B32-T.grelnik zraka povratek"	"B32-T.grelnik zraka povratek"	"B32-T.grelnik zraka povratek"
"0x2203 'IO\IO.M0.AI.B41.Val'"	"0x010D"	"IO.M0.AI.B41.Val"	"B41-T.grelnik zraka povratek na TP"	"B41-T.grelnik zraka povratek na TP"	"B41-T.grelnik zraka povratek na TP"	"B41-T.grelnik zraka povratek na TP"	"B41-T.grelnik zraka povratek na TP"	"B41-T.grelnik zraka povratek na TP"	"B41-T.grelnik zraka povratek na TP"	"B41-T.grelnik zraka povratek na TP"
"0x2204 'IO\IO.M0.DI.AUTO.Val'"	"0x010D"	"IO.M0.DI.AUTO.Val"	"AUTO-Automatsko delovanje"	"AUTO-Automatsko delovanje"	"AUTO-Automatsko delovanje"	"AUTO-Automatsko delovanje"	"AUTO-Automatsko delovanje"	"AUTO-Automatsko delovanje"	"AUTO-Automatsko delovanje"	"AUTO-Automatsko delovanje"
"0x2204 'IO\IO.M0.DI.ROCNO.Val'"	"0x010D"	"IO.M0.DI.ROCNO.Val"	"ROCNO-Rocno delovanje"	"ROCNO-Rocno delovanje"	"ROCNO-Rocno delovanje"	"ROCNO-Rocno delovanje"	"ROCNO-Rocno delovanje"	"ROCNO-Rocno delovanje"	"ROCNO-Rocno delovanje"	"ROCNO-Rocno delovanje"
"0x2203 'IO\IO.M0.AI.B42.Val'"	"0x010D"	"IO.M0.AI.B42.Val"	"B42-T.grelnik zraka povratek"	"B42-T.grelnik zraka povratek"	"B42-T.grelnik zraka povratek"	"B42-T.grelnik zraka povratek"	"B42-T.grelnik zraka povratek"	"B42-T.grelnik zraka povratek"	"B42-T.grelnik zraka povratek"	"B42-T.grelnik zraka povratek"
"0x2203 'IO\IO.M0.AI.TJ1.Val'"	"0x010D"	"IO.M0.AI.TJ1.Val"	"TJ1-T.HA predtok"	"TJ1-T.HA predtok"	"TJ1-T.HA predtok"	"TJ1-T.HA predtok"	"TJ1-T.HA predtok"	"TJ1-T.HA predtok"	"TJ1-T.HA predtok"	"TJ1-T.HA predtok"
"0x2203 'IO\IO.M0.AI.TJ2.Val'"	"0x010D"	"IO.M0.AI.TJ2.Val"	"TJ2-T.HA povratek"	"TJ2-T.HA povratek"	"TJ2-T.HA povratek"	"TJ2-T.HA povratek"	"TJ2-T.HA povratek"	"TJ2-T.HA povratek"	"TJ2-T.HA povratek"	"TJ2-T.HA povratek"
"0x2203 'IO\IO.M0.AI.B52.Val'"	"0x010D"	"IO.M0.AI.B52.Val"	"B52-T.grelnik zraka povratek"	"B52-T.grelnik zraka povratek"	"B52-T.grelnik zraka povratek"	"B52-T.grelnik zraka povratek"	"B52-T.grelnik zraka povratek"	"B52-T.grelnik zraka povratek"	"B52-T.grelnik zraka povratek"	"B52-T.grelnik zraka povratek"
"0x2204 'IO\IO.M0.Alm.U.Val'"	"0x010D"	"IO.M0.Alm.U.Val"	"U-Izpad napetosti"	"U-Izpad napetosti"	"U-Izpad napetosti"	"U-Izpad napetosti"	"U-Izpad napetosti"	"U-Izpad napetosti"	"U-Izpad napetosti"	"U-Izpad napetosti"
"0x2207 'IO\IO.M0.DO.C3.Cmd'"	"0x010D"	"IO.M0.DO.C3.Cmd"	"C3-Crp dovod odpadne toplote"	"C3-Crp dovod odpadne toplote"	"C3-Crp dovod odpadne toplote"	"C3-Crp dovod odpadne toplote"	"C3-Crp dovod odpadne toplote"	"C3-Crp dovod odpadne toplote"	"C3-Crp dovod odpadne toplote"	"C3-Crp dovod odpadne toplote"
"0x2207 'IO\IO.M0.DO.C4.Cmd'"	"0x010D"	"IO.M0.DO.C4.Cmd"	"C4-Crp gr.sanitarne vode"	"C4-Crp gr.sanitarne vode"	"C4-Crp gr.sanitarne vode"	"C4-Crp gr.sanitarne vode"	"C4-Crp gr.sanitarne vode"	"C4-Crp gr.sanitarne vode"	"C4-Crp gr.sanitarne vode"	"C4-Crp gr.sanitarne vode"
"0x2207 'IO\IO.M0.DO.C5.Cmd'"	"0x010D"	"IO.M0.DO.C5.Cmd"	"C5-Crp grelnik zraka"	"C5-Crp grelnik zraka"	"C5-Crp grelnik zraka"	"C5-Crp grelnik zraka"	"C5-Crp grelnik zraka"	"C5-Crp grelnik zraka"	"C5-Crp grelnik zraka"	"C5-Crp grelnik zraka"
"0x2207 'IO\IO.M0.DO.C1.Cmd'"	"0x010D"	"IO.M0.DO.C1.Cmd"	"C1-Crp hladilna greda 1/2"	"C1-Crp hladilna greda 1/2"	"C1-Crp hladilna greda 1/2"	"C1-Crp hladilna greda 1/2"	"C1-Crp hladilna greda 1/2"	"C1-Crp hladilna greda 1/2"	"C1-Crp hladilna greda 1/2"	"C1-Crp hladilna greda 1/2"
"0x2207 'IO\IO.M0.DO.ALARM.Cmd'"	"0x010D"	"IO.M0.DO.ALARM.Cmd"	"ALARM-Skupni alarm"	"ALARM-Skupni alarm"	"ALARM-Skupni alarm"	"ALARM-Skupni alarm"	"ALARM-Skupni alarm"	"ALARM-Skupni alarm"	"ALARM-Skupni alarm"	"ALARM-Skupni alarm"
"0x2207 'IO\IO.M0.DO.C11.Cmd'"	"0x010D"	"IO.M0.DO.C11.Cmd"	"C11-Crp hladilna greda 2/2"	"C11-Crp hladilna greda 2/2"	"C11-Crp hladilna greda 2/2"	"C11-Crp hladilna greda 2/2"	"C11-Crp hladilna greda 2/2"	"C11-Crp hladilna greda 2/2"	"C11-Crp hladilna greda 2/2"	"C11-Crp hladilna greda 2/2"
"0x2203 'IO\IO.M1.AI.BTS1.Val'"	"0x010D"	"IO.M1.AI.BTS1.Val"	"BTS1-Tlak odpadna energija primar"	"BTS1-Tlak odpadna energija primar"	"BTS1-Tlak odpadna energija primar"	"BTS1-Tlak odpadna energija primar"	"BTS1-Tlak odpadna energija primar"	"BTS1-Tlak odpadna energija primar"	"BTS1-Tlak odpadna energija primar"	"BTS1-Tlak odpadna energija primar"
"0x2203 'IO\IO.M1.AI.BTS2.Val'"	"0x010D"	"IO.M1.AI.BTS2.Val"	"BTS2-Tlak odpadna energija sekundar"	"BTS2-Tlak odpadna energija sekundar"	"BTS2-Tlak odpadna energija sekundar"	"BTS2-Tlak odpadna energija sekundar"	"BTS2-Tlak odpadna energija sekundar"	"BTS2-Tlak odpadna energija sekundar"	"BTS2-Tlak odpadna energija sekundar"	"BTS2-Tlak odpadna energija sekundar"
"0x2203 'IO\IO.M1.AI.BTS3.Val'"	"0x010D"	"IO.M1.AI.BTS3.Val"	"BTS3-Tlak sistem hlajenja"	"BTS3-Tlak sistem hlajenja"	"BTS3-Tlak sistem hlajenja"	"BTS3-Tlak sistem hlajenja"	"BTS3-Tlak sistem hlajenja"	"BTS3-Tlak sistem hlajenja"	"BTS3-Tlak sistem hlajenja"	"BTS3-Tlak sistem hlajenja"
"0x2203 'IO\IO.M1.AI.BTRrH.Val'"	"0x010D"	"IO.M1.AI.BTRrH.Val"	"BTRrH-rel.vlaga zunanja"	"BTRrH-rel.vlaga zunanja"	"BTRrH-rel.vlaga zunanja"	"BTRrH-rel.vlaga zunanja"	"BTRrH-rel.vlaga zunanja"	"BTRrH-rel.vlaga zunanja"	"BTRrH-rel.vlaga zunanja"	"BTRrH-rel.vlaga zunanja"
"0x2203 'IO\IO.M1.AI.BTRT.Val'"	"0x010D"	"IO.M1.AI.BTRT.Val"	"BTRT-T. zunanja"	"BTRT-T. zunanja"	"BTRT-T. zunanja"	"BTRT-T. zunanja"	"BTRT-T. zunanja"	"BTRT-T. zunanja"	"BTRT-T. zunanja"	"BTRT-T. zunanja"
"0x2204 'IO\IO.M1.Alm.C3.Val'"	"0x010D"	"IO.M1.Alm.C3.Val"	"C3-Crp dovod odpadne toplote-motnja"	"C3-Crp dovod odpadne toplote-motnja"	"C3-Crp dovod odpadne toplote-motnja"	"C3-Crp dovod odpadne toplote-motnja"	"C3-Crp dovod odpadne toplote-motnja"	"C3-Crp dovod odpadne toplote-motnja"	"C3-Crp dovod odpadne toplote-motnja"	"C3-Crp dovod odpadne toplote-motnja"
"0x2204 'IO\IO.M1.Alm.C4.Val'"	"0x010D"	"IO.M1.Alm.C4.Val"	"C4-Crp gr.sanitarne vode-motnja"	"C4-Crp gr.sanitarne vode-motnja"	"C4-Crp gr.sanitarne vode-motnja"	"C4-Crp gr.sanitarne vode-motnja"	"C4-Crp gr.sanitarne vode-motnja"	"C4-Crp gr.sanitarne vode-motnja"	"C4-Crp gr.sanitarne vode-motnja"	"C4-Crp gr.sanitarne vode-motnja"
"0x2204 'IO\IO.M1.Alm.C5.Val'"	"0x010D"	"IO.M1.Alm.C5.Val"	"C5-Crp grelnik zraka-motnja"	"C5-Crp grelnik zraka-motnja"	"C5-Crp grelnik zraka-motnja"	"C5-Crp grelnik zraka-motnja"	"C5-Crp grelnik zraka-motnja"	"C5-Crp grelnik zraka-motnja"	"C5-Crp grelnik zraka-motnja"	"C5-Crp grelnik zraka-motnja"
"0x2204 'IO\IO.M1.Alm.C1.Val'"	"0x010D"	"IO.M1.Alm.C1.Val"	"C1-Crp hladilna greda-motnja"	"C1-Crp hladilna greda-motnja"	"C1-Crp hladilna greda-motnja"	"C1-Crp hladilna greda-motnja"	"C1-Crp hladilna greda-motnja"	"C1-Crp hladilna greda-motnja"	"C1-Crp hladilna greda-motnja"	"C1-Crp hladilna greda-motnja"
"0x2206 'IO\IO.M1.AO.M3.Cmd'"	"0x010D"	"IO.M1.AO.M3.Cmd"	"M3-RV-grelnik zraka dovod iz TP"	"M3-RV-grelnik zraka dovod iz TP"	"M3-RV-grelnik zraka dovod iz TP"	"M3-RV-grelnik zraka dovod iz TP"	"M3-RV-grelnik zraka dovod iz TP"	"M3-RV-grelnik zraka dovod iz TP"	"M3-RV-grelnik zraka dovod iz TP"	"M3-RV-grelnik zraka dovod iz TP"
"0x2206 'IO\IO.M1.AO.M4.Cmd'"	"0x010D"	"IO.M1.AO.M4.Cmd"	"M4-RV-grelnik zraka povratek iz TP"	"M4-RV-grelnik zraka povratek iz TP"	"M4-RV-grelnik zraka povratek iz TP"	"M4-RV-grelnik zraka povratek iz TP"	"M4-RV-grelnik zraka povratek iz TP"	"M4-RV-grelnik zraka povratek iz TP"	"M4-RV-grelnik zraka povratek iz TP"	"M4-RV-grelnik zraka povratek iz TP"
"0x2203 'IO\IO.M2.AI.BOZ.Val'"	"0x010D"	"IO.M2.AI.BOZ.Val"	"BOZ-T.topli akum.zgoraj"	"BOZ-T.topli akum.zgoraj"	"BOZ-T.topli akum.zgoraj"	"BOZ-T.topli akum.zgoraj"	"BOZ-T.topli akum.zgoraj"	"BOZ-T.topli akum.zgoraj"	"BOZ-T.topli akum.zgoraj"	"BOZ-T.topli akum.zgoraj"
"0x2203 'IO\IO.M2.AI.BOS.Val'"	"0x010D"	"IO.M2.AI.BOS.Val"	"BOS-T.topli akum.spodaj"	"BOS-T.topli akum.spodaj"	"BOS-T.topli akum.spodaj"	"BOS-T.topli akum.spodaj"	"BOS-T.topli akum.spodaj"	"BOS-T.topli akum.spodaj"	"BOS-T.topli akum.spodaj"	"BOS-T.topli akum.spodaj"
"0x2203 'IO\IO.M2.AI.BHZ.Val'"	"0x010D"	"IO.M2.AI.BHZ.Val"	"BHZ-T.hlad.akum.zgoraj"	"BHZ-T.hlad.akum.zgoraj"	"BHZ-T.hlad.akum.zgoraj"	"BHZ-T.hlad.akum.zgoraj"	"BHZ-T.hlad.akum.zgoraj"	"BHZ-T.hlad.akum.zgoraj"	"BHZ-T.hlad.akum.zgoraj"	"BHZ-T.hlad.akum.zgoraj"
"0x2203 'IO\IO.M2.AI.BHS.Val'"	"0x010D"	"IO.M2.AI.BHS.Val"	"BHS-T.hlad.akum. spodaj"	"BHS-T.hlad.akum. spodaj"	"BHS-T.hlad.akum. spodaj"	"BHS-T.hlad.akum. spodaj"	"BHS-T.hlad.akum. spodaj"	"BHS-T.hlad.akum. spodaj"	"BHS-T.hlad.akum. spodaj"	"BHS-T.hlad.akum. spodaj"
"0x2203 'IO\IO.M2.AI.BHZ2.Val'"	"0x010D"	"IO.M2.AI.BHZ2.Val"	"BHZ2-T.hlad.akum.2 zgoraj"	"BHZ2-T.hlad.akum.2 zgoraj"	"BHZ2-T.hlad.akum.2 zgoraj"	"BHZ2-T.hlad.akum.2 zgoraj"	"BHZ2-T.hlad.akum.2 zgoraj"	"BHZ2-T.hlad.akum.2 zgoraj"	"BHZ2-T.hlad.akum.2 zgoraj"	"BHZ2-T.hlad.akum.2 zgoraj"
"0x2203 'IO\IO.M2.AI.BHS2.Val'"	"0x010D"	"IO.M2.AI.BHS2.Val"	"BHS2-T.hlad.akum.2 spodaj"	"BHS2-T.hlad.akum.2 spodaj"	"BHS2-T.hlad.akum.2 spodaj"	"BHS2-T.hlad.akum.2 spodaj"	"BHS2-T.hlad.akum.2 spodaj"	"BHS2-T.hlad.akum.2 spodaj"	"BHS2-T.hlad.akum.2 spodaj"	"BHS2-T.hlad.akum.2 spodaj"
"0x2206 'IO\IO.M2.AO.YHG.Cmd'"	"0x010D"	"IO.M2.AO.YHG.Cmd"	"YHG-RV-hladilna greda"	"YHG-RV-hladilna greda"	"YHG-RV-hladilna greda"	"YHG-RV-hladilna greda"	"YHG-RV-hladilna greda"	"YHG-RV-hladilna greda"	"YHG-RV-hladilna greda"	"YHG-RV-hladilna greda"
"0x2203 'IO\IO.M3.AI.TJ11.Val'"	"0x010D"	"IO.M3.AI.TJ11.Val"	"TJ11-T.hlad.agregat predtok"	"TJ11-T.hlad.agregat predtok"	"TJ11-T.hlad.agregat predtok"	"TJ11-T.hlad.agregat predtok"	"TJ11-T.hlad.agregat predtok"	"TJ11-T.hlad.agregat predtok"	"TJ11-T.hlad.agregat predtok"	"TJ11-T.hlad.agregat predtok"
"0x2203 'IO\IO.M3.AI.TJ21.Val'"	"0x010D"	"IO.M3.AI.TJ21.Val"	"TJ21-T.hlad.agregat povratek"	"TJ21-T.hlad.agregat povratek"	"TJ21-T.hlad.agregat povratek"	"TJ21-T.hlad.agregat povratek"	"TJ21-T.hlad.agregat povratek"	"TJ21-T.hlad.agregat povratek"	"TJ21-T.hlad.agregat povratek"	"TJ21-T.hlad.agregat povratek"
"0x2204 'IO\IO.M3.Alm.HA1.Val'"	"0x010D"	"IO.M3.Alm.HA1.Val"	"HA1-Hlad.agregat motnja"	"HA1-Hlad.agregat motnja"	"HA1-Hlad.agregat motnja"	"HA1-Hlad.agregat motnja"	"HA1-Hlad.agregat motnja"	"HA1-Hlad.agregat motnja"	"HA1-Hlad.agregat motnja"	"HA1-Hlad.agregat motnja"
"0x2204 'IO\IO.M3.DI.HA1.Val'"	"0x010D"	"IO.M3.DI.HA1.Val"	"HA1-Hlad.agregat delovanje"	"HA1-Hlad.agregat delovanje"	"HA1-Hlad.agregat delovanje"	"HA1-Hlad.agregat delovanje"	"HA1-Hlad.agregat delovanje"	"HA1-Hlad.agregat delovanje"	"HA1-Hlad.agregat delovanje"	"HA1-Hlad.agregat delovanje"
"0x2204 'IO\IO.M3.Alm.HA2.Val'"	"0x010D"	"IO.M3.Alm.HA2.Val"	"HA2-Hlad.agregat motnja"	"HA2-Hlad.agregat motnja"	"HA2-Hlad.agregat motnja"	"HA2-Hlad.agregat motnja"	"HA2-Hlad.agregat motnja"	"HA2-Hlad.agregat motnja"	"HA2-Hlad.agregat motnja"	"HA2-Hlad.agregat motnja"
"0x2204 'IO\IO.M3.DI.HA2.Val'"	"0x010D"	"IO.M3.DI.HA2.Val"	"HA2-Hlad.agregat delovanje"	"HA2-Hlad.agregat delovanje"	"HA2-Hlad.agregat delovanje"	"HA2-Hlad.agregat delovanje"	"HA2-Hlad.agregat delovanje"	"HA2-Hlad.agregat delovanje"	"HA2-Hlad.agregat delovanje"	"HA2-Hlad.agregat delovanje"
"0x2207 'IO\IO.M3.DO.HA1.Cmd'"	"0x010D"	"IO.M3.DO.HA1.Cmd"	"HA1-Hlad.agregat 1 vklop"	"HA1-Hlad.agregat 1 vklop"	"HA1-Hlad.agregat 1 vklop"	"HA1-Hlad.agregat 1 vklop"	"HA1-Hlad.agregat 1 vklop"	"HA1-Hlad.agregat 1 vklop"	"HA1-Hlad.agregat 1 vklop"	"HA1-Hlad.agregat 1 vklop"
"0x2207 'IO\IO.M3.DO.HA2.Cmd'"	"0x010D"	"IO.M3.DO.HA2.Cmd"	"HA2-Hlad.agregat 2 vklop"	"HA2-Hlad.agregat 2 vklop"	"HA2-Hlad.agregat 2 vklop"	"HA2-Hlad.agregat 2 vklop"	"HA2-Hlad.agregat 2 vklop"	"HA2-Hlad.agregat 2 vklop"	"HA2-Hlad.agregat 2 vklop"	"HA2-Hlad.agregat 2 vklop"
"0x2207 'IO\IO.M3.DO.HA1OE.Cmd'"	"0x010D"	"IO.M3.DO.HA1OE.Cmd"	"HA1OE-Hlad.agregat 1 odpadne energija"	"HA1OE-Hlad.agregat 1 odpadne energija"	"HA1OE-Hlad.agregat 1 odpadne energija"	"HA1OE-Hlad.agregat 1 odpadne energija"	"HA1OE-Hlad.agregat 1 odpadne energija"	"HA1OE-Hlad.agregat 1 odpadne energija"	"HA1OE-Hlad.agregat 1 odpadne energija"	"HA1OE-Hlad.agregat 1 odpadne energija"
"0x2207 'IO\IO.M3.DO.HA2OE.Cmd'"	"0x010D"	"IO.M3.DO.HA2OE.Cmd"	"HA2OE-Hlad.agregat 2 odpadna energija"	"HA2OE-Hlad.agregat 2 odpadna energija"	"HA2OE-Hlad.agregat 2 odpadna energija"	"HA2OE-Hlad.agregat 2 odpadna energija"	"HA2OE-Hlad.agregat 2 odpadna energija"	"HA2OE-Hlad.agregat 2 odpadna energija"	"HA2OE-Hlad.agregat 2 odpadna energija"	"HA2OE-Hlad.agregat 2 odpadna energija"
"0x2203 'IO\IO.M4.AI.TJ12.Val'"	"0x010D"	"IO.M4.AI.TJ12.Val"	"TJ12-T.hlad.greda primar predtok"	"TJ12-T.hlad.greda primar predtok"	"TJ12-T.hlad.greda primar predtok"	"TJ12-T.hlad.greda primar predtok"	"TJ12-T.hlad.greda primar predtok"	"TJ12-T.hlad.greda primar predtok"	"TJ12-T.hlad.greda primar predtok"	"TJ12-T.hlad.greda primar predtok"
"0x2203 'IO\IO.M4.AI.TJ22.Val'"	"0x010D"	"IO.M4.AI.TJ22.Val"	"TJ22-T.hlad.greda primar povratek"	"TJ22-T.hlad.greda primar povratek"	"TJ22-T.hlad.greda primar povratek"	"TJ22-T.hlad.greda primar povratek"	"TJ22-T.hlad.greda primar povratek"	"TJ22-T.hlad.greda primar povratek"	"TJ22-T.hlad.greda primar povratek"	"TJ22-T.hlad.greda primar povratek"
"0x2203 'IO\IO.M4.AI.TJ3.Val'"	"0x010D"	"IO.M4.AI.TJ3.Val"	"TJ3-T.hlad.greda sekundar predtok"	"TJ3-T.hlad.greda sekundar predtok"	"TJ3-T.hlad.greda sekundar predtok"	"TJ3-T.hlad.greda sekundar predtok"	"TJ3-T.hlad.greda sekundar predtok"	"TJ3-T.hlad.greda sekundar predtok"	"TJ3-T.hlad.greda sekundar predtok"	"TJ3-T.hlad.greda sekundar predtok"
"0x2203 'IO\IO.M4.AI.TJ4.Val'"	"0x010D"	"IO.M4.AI.TJ4.Val"	"TJ4-T.hlad.greda sekundar povratek"	"TJ4-T.hlad.greda sekundar povratek"	"TJ4-T.hlad.greda sekundar povratek"	"TJ4-T.hlad.greda sekundar povratek"	"TJ4-T.hlad.greda sekundar povratek"	"TJ4-T.hlad.greda sekundar povratek"	"TJ4-T.hlad.greda sekundar povratek"	"TJ4-T.hlad.greda sekundar povratek"
"0x2204 'IO\IO.M4.Alm.DV.Val'"	"0x010D"	"IO.M4.Alm.DV.Val"	"DV-Dopolnjevanje vode-motnja"	"DV-Dopolnjevanje vode-motnja"	"DV-Dopolnjevanje vode-motnja"	"DV-Dopolnjevanje vode-motnja"	"DV-Dopolnjevanje vode-motnja"	"DV-Dopolnjevanje vode-motnja"	"DV-Dopolnjevanje vode-motnja"	"DV-Dopolnjevanje vode-motnja"
"0x2203 'IO\IO.M4.AI.TJ5.Val'"	"0x010D"	"IO.M4.AI.TJ5.Val"	"TJ5-T.hlad.greda sek.pred.za ventilom"	"TJ5-T.hlad.greda sek.pred.za ventilom"	"TJ5-T.hlad.greda sek.pred.za ventilom"	"TJ5-T.hlad.greda sek.pred.za ventilom"	"TJ5-T.hlad.greda sek.pred.za ventilom"	"TJ5-T.hlad.greda sek.pred.za ventilom"	"TJ5-T.hlad.greda sek.pred.za ventilom"	"TJ5-T.hlad.greda sek.pred.za ventilom"
"0x2203 'IO\IO.M4.AI.TJ6.Val'"	"0x010D"	"IO.M4.AI.TJ6.Val"	"TJ6-T.hlad.greda sek.pov.za ventilom"	"TJ6-T.hlad.greda sek.pov.za ventilom"	"TJ6-T.hlad.greda sek.pov.za ventilom"	"TJ6-T.hlad.greda sek.pov.za ventilom"	"TJ6-T.hlad.greda sek.pov.za ventilom"	"TJ6-T.hlad.greda sek.pov.za ventilom"	"TJ6-T.hlad.greda sek.pov.za ventilom"	"TJ6-T.hlad.greda sek.pov.za ventilom"
"0x2204 'IO\IO.M4.Alm.C11.Val'"	"0x010D"	"IO.M4.Alm.C11.Val"	"C11-Crp hladilna greda-motnja"	"C11-Crp hladilna greda-motnja"	"C11-Crp hladilna greda-motnja"	"C11-Crp hladilna greda-motnja"	"C11-Crp hladilna greda-motnja"	"C11-Crp hladilna greda-motnja"	"C11-Crp hladilna greda-motnja"	"C11-Crp hladilna greda-motnja"
