"0x0002 0xFFFF031D"	"0x8100"	"Device"	"Device"	"Device"	"Device"	"Device"	"Device"	"Device"	"Device"	
"0x2302 0x00005FD9"	"0x8100"	"SysEnableAll"	"SysEnableAll"	"SysEnableAll"	"SysEnableAll"	"SysEnableAll"	"SysEnableAll"	"SysEnableAll"	"SysEnableAll"	
"0x230B 'Hw\Alarm'"	"0x8100"	"Alarm"	"Alarm"	"Alarm"	"Alarm"	"Alarm"	"Alarm"	"Alarm"	"Alarm"	
"0x2302 'Hw\ComAlmAck'"	"0x8100"	"ComAlmAck"	"ComAlmAck"	"ComAlmAck"	"ComAlmAck"	"ComAlmAck"	"ComAlmAck"	"ComAlmAck"	"ComAlmAck"	
"0x230B 'Hw\AlmPrio'"	"0x8100"	"AlmPrio"	"AlmPrio"	"AlmPrio"	"AlmPrio"	"AlmPrio"	"AlmPrio"	"AlmPrio"	"AlmPrio"	
"0x2204 'Io\AHU.BI_PC.Val'"	"0x8100"	"AHU.BI_PC.Val"	"AHU.BI_PC.Val"	"AHU.BI_PC.Val"	"AHU.BI_PC.Val"	"AHU.BI_PC.Val"	"AHU.BI_PC.Val"	"AHU.BI_PC.Val"	"AHU.BI_PC.Val"	
"0x2203 'Io\AHU.AI_B1T.Val'"	"0x8100"	"AHU.AI_B1T.Val"	"AHU.AI_B1T.Val"	"AHU.AI_B1T.Val"	"AHU.AI_B1T.Val"	"AHU.AI_B1T.Val"	"AHU.AI_B1T.Val"	"AHU.AI_B1T.Val"	"AHU.AI_B1T.Val"	
"0x2203 'Io\AHU.AI_B4.Val'"	"0x8100"	"AHU.AI_B4.Val"	"AHU.AI_B4.Val"	"AHU.AI_B4.Val"	"AHU.AI_B4.Val"	"AHU.AI_B4.Val"	"AHU.AI_B4.Val"	"AHU.AI_B4.Val"	"AHU.AI_B4.Val"	
"0x2204 'Io\AHU.BI_U.Val'"	"0x8100"	"AHU.BI_U.Val"	"AHU.BI_U.Val"	"AHU.BI_U.Val"	"AHU.BI_U.Val"	"AHU.BI_U.Val"	"AHU.BI_U.Val"	"AHU.BI_U.Val"	"AHU.BI_U.Val"	
"0x2203 'Io\AHU.AI_B3P.Val'"	"0x8100"	"AHU.AI_B3P.Val"	"AHU.AI_B3P.Val"	"AHU.AI_B3P.Val"	"AHU.AI_B3P.Val"	"AHU.AI_B3P.Val"	"AHU.AI_B3P.Val"	"AHU.AI_B3P.Val"	"AHU.AI_B3P.Val"	
"0x2204 'Io\AHU.BI_AUTO.Val'"	"0x8100"	"AHU.BI_AUTO.Val"	"AHU.BI_AUTO.Val"	"AHU.BI_AUTO.Val"	"AHU.BI_AUTO.Val"	"AHU.BI_AUTO.Val"	"AHU.BI_AUTO.Val"	"AHU.BI_AUTO.Val"	"AHU.BI_AUTO.Val"	
"0x2203 'Io\AHU.AI_B2T.Val'"	"0x8100"	"AHU.AI_B2T.Val"	"AHU.AI_B2T.Val"	"AHU.AI_B2T.Val"	"AHU.AI_B2T.Val"	"AHU.AI_B2T.Val"	"AHU.AI_B2T.Val"	"AHU.AI_B2T.Val"	"AHU.AI_B2T.Val"	
"0x2204 'Io\AHU.BI_ROCNO.Val'"	"0x8100"	"AHU.BI_ROCNO.Val"	"AHU.BI_ROCNO.Val"	"AHU.BI_ROCNO.Val"	"AHU.BI_ROCNO.Val"	"AHU.BI_ROCNO.Val"	"AHU.BI_ROCNO.Val"	"AHU.BI_ROCNO.Val"	"AHU.BI_ROCNO.Val"	
"0x2203 'Io\AHU.AI_B2rH.Val'"	"0x8100"	"AHU.AI_B2rH.Val"	"AHU.AI_B2rH.Val"	"AHU.AI_B2rH.Val"	"AHU.AI_B2rH.Val"	"AHU.AI_B2rH.Val"	"AHU.AI_B2rH.Val"	"AHU.AI_B2rH.Val"	"AHU.AI_B2rH.Val"	
"0x2203 'Io\AHU.AI_B3T.Val'"	"0x8100"	"AHU.AI_B3T.Val"	"AHU.AI_B3T.Val"	"AHU.AI_B3T.Val"	"AHU.AI_B3T.Val"	"AHU.AI_B3T.Val"	"AHU.AI_B3T.Val"	"AHU.AI_B3T.Val"	"AHU.AI_B3T.Val"	
"0x2204 'Io\AHU.BI_T0.Val'"	"0x8100"	"AHU.BI_T0.Val"	"AHU.BI_T0.Val"	"AHU.BI_T0.Val"	"AHU.BI_T0.Val"	"AHU.BI_T0.Val"	"AHU.BI_T0.Val"	"AHU.BI_T0.Val"	"AHU.BI_T0.Val"	
"0x2203 'Io\AHU.AI_B3rH.Val'"	"0x8100"	"AHU.AI_B3rH.Val"	"AHU.AI_B3rH.Val"	"AHU.AI_B3rH.Val"	"AHU.AI_B3rH.Val"	"AHU.AI_B3rH.Val"	"AHU.AI_B3rH.Val"	"AHU.AI_B3rH.Val"	"AHU.AI_B3rH.Val"	
"0x2204 'Io\AHU.BI_M3.Val'"	"0x8100"	"AHU.BI_M3.Val"	"AHU.BI_M3.Val"	"AHU.BI_M3.Val"	"AHU.BI_M3.Val"	"AHU.BI_M3.Val"	"AHU.BI_M3.Val"	"AHU.BI_M3.Val"	"AHU.BI_M3.Val"	
"0x2203 'Io\AHU.AI_B11.Val'"	"0x8100"	"AHU.AI_B11.Val"	"AHU.AI_B11.Val"	"AHU.AI_B11.Val"	"AHU.AI_B11.Val"	"AHU.AI_B11.Val"	"AHU.AI_B11.Val"	"AHU.AI_B11.Val"	"AHU.AI_B11.Val"	
"0x2204 'Io\AHU.BI_M4.Val'"	"0x8100"	"AHU.BI_M4.Val"	"AHU.BI_M4.Val"	"AHU.BI_M4.Val"	"AHU.BI_M4.Val"	"AHU.BI_M4.Val"	"AHU.BI_M4.Val"	"AHU.BI_M4.Val"	"AHU.BI_M4.Val"	
"0x2204 'Io\AHU.BI_Y8.Val'"	"0x8100"	"AHU.BI_Y8.Val"	"AHU.BI_Y8.Val"	"AHU.BI_Y8.Val"	"AHU.BI_Y8.Val"	"AHU.BI_Y8.Val"	"AHU.BI_Y8.Val"	"AHU.BI_Y8.Val"	"AHU.BI_Y8.Val"	
"0x2203 'Io\AHU.AI_B12.Val'"	"0x8100"	"AHU.AI_B12.Val"	"AHU.AI_B12.Val"	"AHU.AI_B12.Val"	"AHU.AI_B12.Val"	"AHU.AI_B12.Val"	"AHU.AI_B12.Val"	"AHU.AI_B12.Val"	"AHU.AI_B12.Val"	
"0x2204 'Io\AHU.BI_P4.Val'"	"0x8100"	"AHU.BI_P4.Val"	"AHU.BI_P4.Val"	"AHU.BI_P4.Val"	"AHU.BI_P4.Val"	"AHU.BI_P4.Val"	"AHU.BI_P4.Val"	"AHU.BI_P4.Val"	"AHU.BI_P4.Val"	
"0x2203 'Io\AHU.AI_B1rH.Val'"	"0x8100"	"AHU.AI_B1rH.Val"	"AHU.AI_B1rH.Val"	"AHU.AI_B1rH.Val"	"AHU.AI_B1rH.Val"	"AHU.AI_B1rH.Val"	"AHU.AI_B1rH.Val"	"AHU.AI_B1rH.Val"	"AHU.AI_B1rH.Val"	
"0x2204 'Io\AHU.BI_P5.Val'"	"0x8100"	"AHU.BI_P5.Val"	"AHU.BI_P5.Val"	"AHU.BI_P5.Val"	"AHU.BI_P5.Val"	"AHU.BI_P5.Val"	"AHU.BI_P5.Val"	"AHU.BI_P5.Val"	"AHU.BI_P5.Val"	
"0x2203 'Io\AHU.AI_T0.Val'"	"0x8100"	"AHU.AI_T0.Val"	"AHU.AI_T0.Val"	"AHU.AI_T0.Val"	"AHU.AI_T0.Val"	"AHU.AI_T0.Val"	"AHU.AI_T0.Val"	"AHU.AI_T0.Val"	"AHU.AI_T0.Val"	
"0x2204 'Io\AHU.BA_T0.Val'"	"0x8100"	"AHU.BA_T0.Val"	"AHU.BA_T0.Val"	"AHU.BA_T0.Val"	"AHU.BA_T0.Val"	"AHU.BA_T0.Val"	"AHU.BA_T0.Val"	"AHU.BA_T0.Val"	"AHU.BA_T0.Val"	
"0x2204 'Io\AHU.BI_P6.Val'"	"0x8100"	"AHU.BI_P6.Val"	"AHU.BI_P6.Val"	"AHU.BI_P6.Val"	"AHU.BI_P6.Val"	"AHU.BI_P6.Val"	"AHU.BI_P6.Val"	"AHU.BI_P6.Val"	"AHU.BI_P6.Val"	
"0x2207 'Io\AHU.BO_M1.Val'"	"0x8100"	"AHU.BO_M1.Val"	"AHU.BO_M1.Val"	"AHU.BO_M1.Val"	"AHU.BO_M1.Val"	"AHU.BO_M1.Val"	"AHU.BO_M1.Val"	"AHU.BO_M1.Val"	"AHU.BO_M1.Val"	
"0x2204 'Io\AHU.BI_P8.Val'"	"0x8100"	"AHU.BI_P8.Val"	"AHU.BI_P8.Val"	"AHU.BI_P8.Val"	"AHU.BI_P8.Val"	"AHU.BI_P8.Val"	"AHU.BI_P8.Val"	"AHU.BI_P8.Val"	"AHU.BI_P8.Val"	
"0x2207 'Io\AHU.BO_Y1.Val'"	"0x8100"	"AHU.BO_Y1.Val"	"AHU.BO_Y1.Val"	"AHU.BO_Y1.Val"	"AHU.BO_Y1.Val"	"AHU.BO_Y1.Val"	"AHU.BO_Y1.Val"	"AHU.BO_Y1.Val"	"AHU.BO_Y1.Val"	
"0x2207 'Io\AHU.BO_M2.Val'"	"0x8100"	"AHU.BO_M2.Val"	"AHU.BO_M2.Val"	"AHU.BO_M2.Val"	"AHU.BO_M2.Val"	"AHU.BO_M2.Val"	"AHU.BO_M2.Val"	"AHU.BO_M2.Val"	"AHU.BO_M2.Val"	
"0x2204 'Io\AHU.BI_M1.Val'"	"0x8100"	"AHU.BI_M1.Val"	"AHU.BI_M1.Val"	"AHU.BI_M1.Val"	"AHU.BI_M1.Val"	"AHU.BI_M1.Val"	"AHU.BI_M1.Val"	"AHU.BI_M1.Val"	"AHU.BI_M1.Val"	
"0x2207 'Io\AHU.BO_M3.Val'"	"0x8100"	"AHU.BO_M3.Val"	"AHU.BO_M3.Val"	"AHU.BO_M3.Val"	"AHU.BO_M3.Val"	"AHU.BO_M3.Val"	"AHU.BO_M3.Val"	"AHU.BO_M3.Val"	"AHU.BO_M3.Val"	
"0x2204 'Io\AHU.BI_M2.Val'"	"0x8100"	"AHU.BI_M2.Val"	"AHU.BI_M2.Val"	"AHU.BI_M2.Val"	"AHU.BI_M2.Val"	"AHU.BI_M2.Val"	"AHU.BI_M2.Val"	"AHU.BI_M2.Val"	"AHU.BI_M2.Val"	
"0x2206 'Io\AHU.AO_Y3.Val'"	"0x8100"	"AHU.AO_Y3.Val"	"AHU.AO_Y3.Val"	"AHU.AO_Y3.Val"	"AHU.AO_Y3.Val"	"AHU.AO_Y3.Val"	"AHU.AO_Y3.Val"	"AHU.AO_Y3.Val"	"AHU.AO_Y3.Val"	
"0x2204 'Io\AHU.BI_P1.Val'"	"0x8100"	"AHU.BI_P1.Val"	"AHU.BI_P1.Val"	"AHU.BI_P1.Val"	"AHU.BI_P1.Val"	"AHU.BI_P1.Val"	"AHU.BI_P1.Val"	"AHU.BI_P1.Val"	"AHU.BI_P1.Val"	
"0x2206 'Io\AHU.AO_Y4.Val'"	"0x8100"	"AHU.AO_Y4.Val"	"AHU.AO_Y4.Val"	"AHU.AO_Y4.Val"	"AHU.AO_Y4.Val"	"AHU.AO_Y4.Val"	"AHU.AO_Y4.Val"	"AHU.AO_Y4.Val"	"AHU.AO_Y4.Val"	
"0x2204 'Io\AHU.BI_P2.Val'"	"0x8100"	"AHU.BI_P2.Val"	"AHU.BI_P2.Val"	"AHU.BI_P2.Val"	"AHU.BI_P2.Val"	"AHU.BI_P2.Val"	"AHU.BI_P2.Val"	"AHU.BI_P2.Val"	"AHU.BI_P2.Val"	
"0x2206 'Io\AHU.AO_M1.Val'"	"0x8100"	"AHU.AO_M1.Val"	"AHU.AO_M1.Val"	"AHU.AO_M1.Val"	"AHU.AO_M1.Val"	"AHU.AO_M1.Val"	"AHU.AO_M1.Val"	"AHU.AO_M1.Val"	"AHU.AO_M1.Val"	
"0x2204 'Io\AHU.BI_Y5.Val'"	"0x8100"	"AHU.BI_Y5.Val"	"AHU.BI_Y5.Val"	"AHU.BI_Y5.Val"	"AHU.BI_Y5.Val"	"AHU.BI_Y5.Val"	"AHU.BI_Y5.Val"	"AHU.BI_Y5.Val"	"AHU.BI_Y5.Val"	
"0x2206 'Io\AHU.AO_M2.Val'"	"0x8100"	"AHU.AO_M2.Val"	"AHU.AO_M2.Val"	"AHU.AO_M2.Val"	"AHU.AO_M2.Val"	"AHU.AO_M2.Val"	"AHU.AO_M2.Val"	"AHU.AO_M2.Val"	"AHU.AO_M2.Val"	
"0x2204 'Io\AHU.BI_EG.Val'"	"0x8100"	"AHU.BI_EG.Val"	"AHU.BI_EG.Val"	"AHU.BI_EG.Val"	"AHU.BI_EG.Val"	"AHU.BI_EG.Val"	"AHU.BI_EG.Val"	"AHU.BI_EG.Val"	"AHU.BI_EG.Val"	
"0x2206 'Io\AHU.AO_Y8.Val'"	"0x8100"	"AHU.AO_Y8.Val"	"AHU.AO_Y8.Val"	"AHU.AO_Y8.Val"	"AHU.AO_Y8.Val"	"AHU.AO_Y8.Val"	"AHU.AO_Y8.Val"	"AHU.AO_Y8.Val"	"AHU.AO_Y8.Val"	
"0x2203 'Io\AHU.AA_B11.Val'"	"0x8100"	"AHU.AA_B11.Val"	"AHU.AA_B11.Val"	"AHU.AA_B11.Val"	"AHU.AA_B11.Val"	"AHU.AA_B11.Val"	"AHU.AA_B11.Val"	"AHU.AA_B11.Val"	"AHU.AA_B11.Val"	
"0x2204 'Io\AHU.BA_P1.Val'"	"0x8100"	"AHU.BA_P1.Val"	"AHU.BA_P1.Val"	"AHU.BA_P1.Val"	"AHU.BA_P1.Val"	"AHU.BA_P1.Val"	"AHU.BA_P1.Val"	"AHU.BA_P1.Val"	"AHU.BA_P1.Val"	
"0x2203 'Io\AHU.AA_B12.Val'"	"0x8100"	"AHU.AA_B12.Val"	"AHU.AA_B12.Val"	"AHU.AA_B12.Val"	"AHU.AA_B12.Val"	"AHU.AA_B12.Val"	"AHU.AA_B12.Val"	"AHU.AA_B12.Val"	"AHU.AA_B12.Val"	
"0x2204 'Io\AHU.BA_P2.Val'"	"0x8100"	"AHU.BA_P2.Val"	"AHU.BA_P2.Val"	"AHU.BA_P2.Val"	"AHU.BA_P2.Val"	"AHU.BA_P2.Val"	"AHU.BA_P2.Val"	"AHU.BA_P2.Val"	"AHU.BA_P2.Val"	
"0x2206 'Io\AHU.AO_Y8i.Val'"	"0x8100"	"AHU.AO_Y8i.Val"	"AHU.AO_Y8i.Val"	"AHU.AO_Y8i.Val"	"AHU.AO_Y8i.Val"	"AHU.AO_Y8i.Val"	"AHU.AO_Y8i.Val"	"AHU.AO_Y8i.Val"	"AHU.AO_Y8i.Val"	
"0x2207 'Io\AHU.BO_Y2.Val'"	"0x8100"	"AHU.BO_Y2.Val"	"AHU.BO_Y2.Val"	"AHU.BO_Y2.Val"	"AHU.BO_Y2.Val"	"AHU.BO_Y2.Val"	"AHU.BO_Y2.Val"	"AHU.BO_Y2.Val"	"AHU.BO_Y2.Val"	
"0x2207 'Io\AHU.BO_EG.Val'"	"0x8100"	"AHU.BO_EG.Val"	"AHU.BO_EG.Val"	"AHU.BO_EG.Val"	"AHU.BO_EG.Val"	"AHU.BO_EG.Val"	"AHU.BO_EG.Val"	"AHU.BO_EG.Val"	"AHU.BO_EG.Val"	
"0x2203 'Io\AHU.AI_B111.Val'"	"0x8100"	"AHU.AI_B111.Val"	"AHU.AI_B111.Val"	"AHU.AI_B111.Val"	"AHU.AI_B111.Val"	"AHU.AI_B111.Val"	"AHU.AI_B111.Val"	"AHU.AI_B111.Val"	"AHU.AI_B111.Val"	
"0x2203 'Io\AHU.AI_B121.Val'"	"0x8100"	"AHU.AI_B121.Val"	"AHU.AI_B121.Val"	"AHU.AI_B121.Val"	"AHU.AI_B121.Val"	"AHU.AI_B121.Val"	"AHU.AI_B121.Val"	"AHU.AI_B121.Val"	"AHU.AI_B121.Val"	
"0x2206 'Io\AHU.AO_Y5.Val'"	"0x8100"	"AHU.AO_Y5.Val"	"AHU.AO_Y5.Val"	"AHU.AO_Y5.Val"	"AHU.AO_Y5.Val"	"AHU.AO_Y5.Val"	"AHU.AO_Y5.Val"	"AHU.AO_Y5.Val"	"AHU.AO_Y5.Val"	
"0x2207 'Io\AHU.BO_AL.Val'"	"0x8100"	"AHU.BO_AL.Val"	"AHU.BO_AL.Val"	"AHU.BO_AL.Val"	"AHU.BO_AL.Val"	"AHU.BO_AL.Val"	"AHU.BO_AL.Val"	"AHU.BO_AL.Val"	"AHU.BO_AL.Val"	
"0x2207 'Io\AHU.BO_M6.Val'"	"0x8100"	"AHU.BO_M6.Val"	"AHU.BO_M6.Val"	"AHU.BO_M6.Val"	"AHU.BO_M6.Val"	"AHU.BO_M6.Val"	"AHU.BO_M6.Val"	"AHU.BO_M6.Val"	"AHU.BO_M6.Val"	
"0x2206 'Io\AHU.AO_Y6.Val'"	"0x8100"	"AHU.AO_Y6.Val"	"AHU.AO_Y6.Val"	"AHU.AO_Y6.Val"	"AHU.AO_Y6.Val"	"AHU.AO_Y6.Val"	"AHU.AO_Y6.Val"	"AHU.AO_Y6.Val"	"AHU.AO_Y6.Val"	
"0x2203 'Io\AHU.AI_B4P.Val'"	"0x8100"	"AHU.AI_B4P.Val"	"AHU.AI_B4P.Val"	"AHU.AI_B4P.Val"	"AHU.AI_B4P.Val"	"AHU.AI_B4P.Val"	"AHU.AI_B4P.Val"	"AHU.AI_B4P.Val"	"AHU.AI_B4P.Val"	
"0x2203 'Io\AHU.AI_B6P.Val'"	"0x8100"	"AHU.AI_B6P.Val"	"AHU.AI_B6P.Val"	"AHU.AI_B6P.Val"	"AHU.AI_B6P.Val"	"AHU.AI_B6P.Val"	"AHU.AI_B6P.Val"	"AHU.AI_B6P.Val"	"AHU.AI_B6P.Val"	
"0x2207 'Io\AHU.BO_Y8.Val'"	"0x8100"	"AHU.BO_Y8.Val"	"AHU.BO_Y8.Val"	"AHU.BO_Y8.Val"	"AHU.BO_Y8.Val"	"AHU.BO_Y8.Val"	"AHU.BO_Y8.Val"	"AHU.BO_Y8.Val"	"AHU.BO_Y8.Val"	
"0x2207 'Io\AHU.BO_M4.Val'"	"0x8100"	"AHU.BO_M4.Val"	"AHU.BO_M4.Val"	"AHU.BO_M4.Val"	"AHU.BO_M4.Val"	"AHU.BO_M4.Val"	"AHU.BO_M4.Val"	"AHU.BO_M4.Val"	"AHU.BO_M4.Val"	
"0x2204 'Io\AHU.BI_M6.Val'"	"0x8100"	"AHU.BI_M6.Val"	"AHU.BI_M6.Val"	"AHU.BI_M6.Val"	"AHU.BI_M6.Val"	"AHU.BI_M6.Val"	"AHU.BI_M6.Val"	"AHU.BI_M6.Val"	"AHU.BI_M6.Val"	
"0x2203 'Io\AHU.AI_BPT.Val'"	"0x8100"	"AHU.AI_BPT.Val"	"AHU.AI_BPT.Val"	"AHU.AI_BPT.Val"	"AHU.AI_BPT.Val"	"AHU.AI_BPT.Val"	"AHU.AI_BPT.Val"	"AHU.AI_BPT.Val"	"AHU.AI_BPT.Val"	
"0x2203 'Io\AHU.AI_B81.Val'"	"0x8100"	"AHU.AI_B81.Val"	"AHU.AI_B81.Val"	"AHU.AI_B81.Val"	"AHU.AI_B81.Val"	"AHU.AI_B81.Val"	"AHU.AI_B81.Val"	"AHU.AI_B81.Val"	"AHU.AI_B81.Val"	
"0x2203 'Io\AHU.AI_BPrH.Val'"	"0x8100"	"AHU.AI_BPrH.Val"	"AHU.AI_BPrH.Val"	"AHU.AI_BPrH.Val"	"AHU.AI_BPrH.Val"	"AHU.AI_BPrH.Val"	"AHU.AI_BPrH.Val"	"AHU.AI_BPrH.Val"	"AHU.AI_BPrH.Val"	
"0x2203 'Io\AHU.AI_B82.Val'"	"0x8100"	"AHU.AI_B82.Val"	"AHU.AI_B82.Val"	"AHU.AI_B82.Val"	"AHU.AI_B82.Val"	"AHU.AI_B82.Val"	"AHU.AI_B82.Val"	"AHU.AI_B82.Val"	"AHU.AI_B82.Val"	
"0x2203 'Io\AHU.AI_B5P.Val'"	"0x8100"	"AHU.AI_B5P.Val"	"AHU.AI_B5P.Val"	"AHU.AI_B5P.Val"	"AHU.AI_B5P.Val"	"AHU.AI_B5P.Val"	"AHU.AI_B5P.Val"	"AHU.AI_B5P.Val"	"AHU.AI_B5P.Val"	
"0x2203 'Io\AHU.AI_B91.Val'"	"0x8100"	"AHU.AI_B91.Val"	"AHU.AI_B91.Val"	"AHU.AI_B91.Val"	"AHU.AI_B91.Val"	"AHU.AI_B91.Val"	"AHU.AI_B91.Val"	"AHU.AI_B91.Val"	"AHU.AI_B91.Val"	
"0x2203 'Io\AHU.AI_B92.Val'"	"0x8100"	"AHU.AI_B92.Val"	"AHU.AI_B92.Val"	"AHU.AI_B92.Val"	"AHU.AI_B92.Val"	"AHU.AI_B92.Val"	"AHU.AI_B92.Val"	"AHU.AI_B92.Val"	"AHU.AI_B92.Val"	
"0x2203 'Io\AHU.AI_B5V.Val'"	"0x8100"	"AHU.AI_B5V.Val"	"AHU.AI_B5V.Val"	"AHU.AI_B5V.Val"	"AHU.AI_B5V.Val"	"AHU.AI_B5V.Val"	"AHU.AI_B5V.Val"	"AHU.AI_B5V.Val"	"AHU.AI_B5V.Val"	
"0x2206 'Io\AHU.AO_Y1.Val'"	"0x8100"	"AHU.AO_Y1.Val"	"AHU.AO_Y1.Val"	"AHU.AO_Y1.Val"	"AHU.AO_Y1.Val"	"AHU.AO_Y1.Val"	"AHU.AO_Y1.Val"	"AHU.AO_Y1.Val"	"AHU.AO_Y1.Val"	
"0x2207 'Io\AHU.BO_M1L.Val'"	"0x8100"	"AHU.BO_M1L.Val"	"AHU.BO_M1L.Val"	"AHU.BO_M1L.Val"	"AHU.BO_M1L.Val"	"AHU.BO_M1L.Val"	"AHU.BO_M1L.Val"	"AHU.BO_M1L.Val"	"AHU.BO_M1L.Val"	
"0x2207 'Io\AHU.BO_M2L.Val'"	"0x8100"	"AHU.BO_M2L.Val"	"AHU.BO_M2L.Val"	"AHU.BO_M2L.Val"	"AHU.BO_M2L.Val"	"AHU.BO_M2L.Val"	"AHU.BO_M2L.Val"	"AHU.BO_M2L.Val"	"AHU.BO_M2L.Val"	
"0x2206 'Io\AHU.AO_Y2.Val'"	"0x8100"	"AHU.AO_Y2.Val"	"AHU.AO_Y2.Val"	"AHU.AO_Y2.Val"	"AHU.AO_Y2.Val"	"AHU.AO_Y2.Val"	"AHU.AO_Y2.Val"	"AHU.AO_Y2.Val"	"AHU.AO_Y2.Val"	
"0x2207 'Io\AHU.BO_M1H.Val'"	"0x8100"	"AHU.BO_M1H.Val"	"AHU.BO_M1H.Val"	"AHU.BO_M1H.Val"	"AHU.BO_M1H.Val"	"AHU.BO_M1H.Val"	"AHU.BO_M1H.Val"	"AHU.BO_M1H.Val"	"AHU.BO_M1H.Val"	
"0x2206 'Io\AHU.AO_Y9.Val'"	"0x8100"	"AHU.AO_Y9.Val"	"AHU.AO_Y9.Val"	"AHU.AO_Y9.Val"	"AHU.AO_Y9.Val"	"AHU.AO_Y9.Val"	"AHU.AO_Y9.Val"	"AHU.AO_Y9.Val"	"AHU.AO_Y9.Val"	
"0x2207 'Io\AHU.BO_M2H.Val'"	"0x8100"	"AHU.BO_M2H.Val"	"AHU.BO_M2H.Val"	"AHU.BO_M2H.Val"	"AHU.BO_M2H.Val"	"AHU.BO_M2H.Val"	"AHU.BO_M2H.Val"	"AHU.BO_M2H.Val"	"AHU.BO_M2H.Val"	
"0x2300 'Io\BacNet.Language'"	"0x8100"	"BacNet.Language"	"BacNet.Language"	"BacNet.Language"	"BacNet.Language"	"BacNet.Language"	"BacNet.Language"	"BacNet.Language"	"BacNet.Language"	
"0x2300 'Io\BacNet.DescLang'"	"0x8100"	"BacNet.DescLang"	"BacNet.DescLang"	"BacNet.DescLang"	"BacNet.DescLang"	"BacNet.DescLang"	"BacNet.DescLang"	"BacNet.DescLang"	"BacNet.DescLang"	
"0x2302 'Io\BacNet.BACnetIP'"	"0x8100"	"BacNet.BACnetIP"	"BacNet.BACnetIP"	"BacNet.BACnetIP"	"BacNet.BACnetIP"	"BacNet.BACnetIP"	"BacNet.BACnetIP"	"BacNet.BACnetIP"	"BacNet.BACnetIP"	
"0x2304 'Io\BacNet.DeviceID'"	"0x8100"	"BacNet.DeviceID"	"BacNet.DeviceID"	"BacNet.DeviceID"	"BacNet.DeviceID"	"BacNet.DeviceID"	"BacNet.DeviceID"	"BacNet.DeviceID"	"BacNet.DeviceID"	
"0x2304 'Io\BacNet.DeviceName'"	"0x8100"	"BacNet.DeviceName"	"BacNet.DeviceName"	"BacNet.DeviceName"	"BacNet.DeviceName"	"BacNet.DeviceName"	"BacNet.DeviceName"	"BacNet.DeviceName"	"BacNet.DeviceName"	
"0x2304 'Objects\Discr'"	"0x8100"	"Discr"	"Discr"	"Discr"	"Discr"	"Discr"	"Discr"	"Discr"	"Discr"	
"0x2202 'Objects\PlantMode.Mode'"	"0x8100"	"PlantMode.Mode"	"PlantMode.Mode"	"PlantMode.Mode"	"PlantMode.Mode"	"PlantMode.Mode"	"PlantMode.Mode"	"PlantMode.Mode"	"PlantMode.Mode"	
"0x2304 'Objects\PlantMode.Discr'"	"0x8100"	"PlantMode.Discr"	"PlantMode.Discr"	"PlantMode.Discr"	"PlantMode.Discr"	"PlantMode.Discr"	"PlantMode.Discr"	"PlantMode.Discr"	"PlantMode.Discr"	
"0x230B 'Objects\PlantMode.ModePrio'"	"0x8100"	"PlantMode.ModePrio"	"PlantMode.ModePrio"	"PlantMode.ModePrio"	"PlantMode.ModePrio"	"PlantMode.ModePrio"	"PlantMode.ModePrio"	"PlantMode.ModePrio"	"PlantMode.ModePrio"	
"0x230B 'Objects\PlantMode.ModeState'"	"0x8100"	"PlantMode.ModeState"	"PlantMode.ModeState"	"PlantMode.ModeState"	"PlantMode.ModeState"	"PlantMode.ModeState"	"PlantMode.ModeState"	"PlantMode.ModeState"	"PlantMode.ModeState"	
"0x2302 'Objects\OpMode.Selector'"	"0x8100"	"OpMode.Selector"	"OpMode.Selector"	"OpMode.Selector"	"OpMode.Selector"	"OpMode.Selector"	"OpMode.Selector"	"OpMode.Selector"	"OpMode.Selector"	
"0x2302 'Objects\OpMode.AutoSwSelector'"	"0x8100"	"OpMode.AutoSwSelector"	"OpMode.AutoSwSelector"	"OpMode.AutoSwSelector"	"OpMode.AutoSwSelector"	"OpMode.AutoSwSelector"	"OpMode.AutoSwSelector"	"OpMode.AutoSwSelector"	"OpMode.AutoSwSelector"	
"0x2202 'Objects\OpMode.Mode'"	"0x8100"	"OpMode.Mode"	"OpMode.Mode"	"OpMode.Mode"	"OpMode.Mode"	"OpMode.Mode"	"OpMode.Mode"	"OpMode.Mode"	"OpMode.Mode"	
"0x2209 'Objects\OpMode.Kolender'"	"0x8100"	"OpMode.Kolender"	"OpMode.Kolender"	"OpMode.Kolender"	"OpMode.Kolender"	"OpMode.Kolender"	"OpMode.Kolender"	"OpMode.Kolender"	"OpMode.Kolender"	
"0x220B 0x10F8282B"	"0x8100"	"OpMode.Schedule"	"OpMode.Schedule"	"OpMode.Schedule"	"OpMode.Schedule"	"OpMode.Schedule"	"OpMode.Schedule"	"OpMode.Schedule"	"OpMode.Schedule"	
"0x2304 'Objects\OpMode.Discr'"	"0x8100"	"OpMode.Discr"	"OpMode.Discr"	"OpMode.Discr"	"OpMode.Discr"	"OpMode.Discr"	"OpMode.Discr"	"OpMode.Discr"	"OpMode.Discr"	
"0x230B 'Objects\OpMode.ScheduleFb'"	"0x8100"	"OpMode.ScheduleFb"	"OpMode.ScheduleFb"	"OpMode.ScheduleFb"	"OpMode.ScheduleFb"	"OpMode.ScheduleFb"	"OpMode.ScheduleFb"	"OpMode.ScheduleFb"	"OpMode.ScheduleFb"	
"0x230B 'Objects\OpMode.ModePrio'"	"0x8100"	"OpMode.ModePrio"	"OpMode.ModePrio"	"OpMode.ModePrio"	"OpMode.ModePrio"	"OpMode.ModePrio"	"OpMode.ModePrio"	"OpMode.ModePrio"	"OpMode.ModePrio"	
"0x230B 'Objects\OpMode.Switch'"	"0x8100"	"OpMode.Switch"	"OpMode.Switch"	"OpMode.Switch"	"OpMode.Switch"	"OpMode.Switch"	"OpMode.Switch"	"OpMode.Switch"	"OpMode.Switch"	
"0x230B 'Objects\OpMode.ModeState'"	"0x8100"	"OpMode.ModeState"	"OpMode.ModeState"	"OpMode.ModeState"	"OpMode.ModeState"	"OpMode.ModeState"	"OpMode.ModeState"	"OpMode.ModeState"	"OpMode.ModeState"	
"0x2300 'Objects\Supply.Low'"	"0x8100"	"Supply.Low"	"Supply.Low"	"Supply.Low"	"Supply.Low"	"Supply.Low"	"Supply.Low"	"Supply.Low"	"Supply.Low"	
"0x2300 'Objects\Supply.High'"	"0x8100"	"Supply.High"	"Supply.High"	"Supply.High"	"Supply.High"	"Supply.High"	"Supply.High"	"Supply.High"	"Supply.High"	
"0x2302 'Objects\Supply.Seq.dPFbEn'"	"0x8100"	"Supply.Seq.dPFbEn"	"Supply.Seq.dPFbEn"	"Supply.Seq.dPFbEn"	"Supply.Seq.dPFbEn"	"Supply.Seq.dPFbEn"	"Supply.Seq.dPFbEn"	"Supply.Seq.dPFbEn"	"Supply.Seq.dPFbEn"	
"0x2302 'Objects\Supply.Seq.DmpFbEn'"	"0x8100"	"Supply.Seq.DmpFbEn"	"Supply.Seq.DmpFbEn"	"Supply.Seq.DmpFbEn"	"Supply.Seq.DmpFbEn"	"Supply.Seq.DmpFbEn"	"Supply.Seq.DmpFbEn"	"Supply.Seq.DmpFbEn"	"Supply.Seq.DmpFbEn"	
"0x2300 'Objects\Supply.Seq.TiOnFan'"	"0x8100"	"Supply.Seq.TiOnFan"	"Supply.Seq.TiOnFan"	"Supply.Seq.TiOnFan"	"Supply.Seq.TiOnFan"	"Supply.Seq.TiOnFan"	"Supply.Seq.TiOnFan"	"Supply.Seq.TiOnFan"	"Supply.Seq.TiOnFan"	
"0x2300 'Objects\Supply.Seq.TiOfFan'"	"0x8100"	"Supply.Seq.TiOfFan"	"Supply.Seq.TiOfFan"	"Supply.Seq.TiOfFan"	"Supply.Seq.TiOfFan"	"Supply.Seq.TiOfFan"	"Supply.Seq.TiOfFan"	"Supply.Seq.TiOfFan"	"Supply.Seq.TiOfFan"	
"0x2300 'Objects\Supply.Seq.TiOnDmp'"	"0x8100"	"Supply.Seq.TiOnDmp"	"Supply.Seq.TiOnDmp"	"Supply.Seq.TiOnDmp"	"Supply.Seq.TiOnDmp"	"Supply.Seq.TiOnDmp"	"Supply.Seq.TiOnDmp"	"Supply.Seq.TiOnDmp"	"Supply.Seq.TiOnDmp"	
"0x2300 'Objects\Supply.Seq.TiOfDmp'"	"0x8100"	"Supply.Seq.TiOfDmp"	"Supply.Seq.TiOfDmp"	"Supply.Seq.TiOfDmp"	"Supply.Seq.TiOfDmp"	"Supply.Seq.TiOfDmp"	"Supply.Seq.TiOfDmp"	"Supply.Seq.TiOfDmp"	"Supply.Seq.TiOfDmp"	
"0x2300 'Objects\Supply.Seq.TiOndP'"	"0x8100"	"Supply.Seq.TiOndP"	"Supply.Seq.TiOndP"	"Supply.Seq.TiOndP"	"Supply.Seq.TiOndP"	"Supply.Seq.TiOndP"	"Supply.Seq.TiOndP"	"Supply.Seq.TiOndP"	"Supply.Seq.TiOndP"	
"0x2300 'Objects\Supply.Seq.TiOfdP'"	"0x8100"	"Supply.Seq.TiOfdP"	"Supply.Seq.TiOfdP"	"Supply.Seq.TiOfdP"	"Supply.Seq.TiOfdP"	"Supply.Seq.TiOfdP"	"Supply.Seq.TiOfdP"	"Supply.Seq.TiOfdP"	"Supply.Seq.TiOfdP"	
"0x2300 'Objects\Supply.Seq.TiAlarmFan'"	"0x8100"	"Supply.Seq.TiAlarmFan"	"Supply.Seq.TiAlarmFan"	"Supply.Seq.TiAlarmFan"	"Supply.Seq.TiAlarmFan"	"Supply.Seq.TiAlarmFan"	"Supply.Seq.TiAlarmFan"	"Supply.Seq.TiAlarmFan"	"Supply.Seq.TiAlarmFan"	
"0x230A 'Objects\Supply.Seq.ETiOnFan'"	"0x8100"	"Supply.Seq.ETiOnFan"	"Supply.Seq.ETiOnFan"	"Supply.Seq.ETiOnFan"	"Supply.Seq.ETiOnFan"	"Supply.Seq.ETiOnFan"	"Supply.Seq.ETiOnFan"	"Supply.Seq.ETiOnFan"	"Supply.Seq.ETiOnFan"	
"0x230A 'Objects\Supply.Seq.ETiOfFan'"	"0x8100"	"Supply.Seq.ETiOfFan"	"Supply.Seq.ETiOfFan"	"Supply.Seq.ETiOfFan"	"Supply.Seq.ETiOfFan"	"Supply.Seq.ETiOfFan"	"Supply.Seq.ETiOfFan"	"Supply.Seq.ETiOfFan"	"Supply.Seq.ETiOfFan"	
"0x230A 'Objects\Supply.Seq.ETiOnDmp'"	"0x8100"	"Supply.Seq.ETiOnDmp"	"Supply.Seq.ETiOnDmp"	"Supply.Seq.ETiOnDmp"	"Supply.Seq.ETiOnDmp"	"Supply.Seq.ETiOnDmp"	"Supply.Seq.ETiOnDmp"	"Supply.Seq.ETiOnDmp"	"Supply.Seq.ETiOnDmp"	
"0x230A 'Objects\Supply.Seq.ETiOfDmp'"	"0x8100"	"Supply.Seq.ETiOfDmp"	"Supply.Seq.ETiOfDmp"	"Supply.Seq.ETiOfDmp"	"Supply.Seq.ETiOfDmp"	"Supply.Seq.ETiOfDmp"	"Supply.Seq.ETiOfDmp"	"Supply.Seq.ETiOfDmp"	"Supply.Seq.ETiOfDmp"	
"0x230A 'Objects\Supply.Seq.ETiOndP'"	"0x8100"	"Supply.Seq.ETiOndP"	"Supply.Seq.ETiOndP"	"Supply.Seq.ETiOndP"	"Supply.Seq.ETiOndP"	"Supply.Seq.ETiOndP"	"Supply.Seq.ETiOndP"	"Supply.Seq.ETiOndP"	"Supply.Seq.ETiOndP"	
"0x230A 'Objects\Supply.Seq.ETiOfdP'"	"0x8100"	"Supply.Seq.ETiOfdP"	"Supply.Seq.ETiOfdP"	"Supply.Seq.ETiOfdP"	"Supply.Seq.ETiOfdP"	"Supply.Seq.ETiOfdP"	"Supply.Seq.ETiOfdP"	"Supply.Seq.ETiOfdP"	"Supply.Seq.ETiOfdP"	
"0x230A 'Objects\Supply.Seq.ETiAlarmFan'"	"0x8100"	"Supply.Seq.ETiAlarmFan"	"Supply.Seq.ETiAlarmFan"	"Supply.Seq.ETiAlarmFan"	"Supply.Seq.ETiAlarmFan"	"Supply.Seq.ETiAlarmFan"	"Supply.Seq.ETiAlarmFan"	"Supply.Seq.ETiAlarmFan"	"Supply.Seq.ETiAlarmFan"	
"0x230B 'Objects\Supply.Seq.State'"	"0x8100"	"Supply.Seq.State"	"Supply.Seq.State"	"Supply.Seq.State"	"Supply.Seq.State"	"Supply.Seq.State"	"Supply.Seq.State"	"Supply.Seq.State"	"Supply.Seq.State"	
"0x230B 'Objects\Supply.Seq.Fan'"	"0x8100"	"Supply.Seq.Fan"	"Supply.Seq.Fan"	"Supply.Seq.Fan"	"Supply.Seq.Fan"	"Supply.Seq.Fan"	"Supply.Seq.Fan"	"Supply.Seq.Fan"	"Supply.Seq.Fan"	
"0x230B 'Objects\Supply.Seq.Dmp'"	"0x8100"	"Supply.Seq.Dmp"	"Supply.Seq.Dmp"	"Supply.Seq.Dmp"	"Supply.Seq.Dmp"	"Supply.Seq.Dmp"	"Supply.Seq.Dmp"	"Supply.Seq.Dmp"	"Supply.Seq.Dmp"	
"0x2304 'Objects\Supply.Seq.Discr'"	"0x8100"	"Supply.Seq.Discr"	"Supply.Seq.Discr"	"Supply.Seq.Discr"	"Supply.Seq.Discr"	"Supply.Seq.Discr"	"Supply.Seq.Discr"	"Supply.Seq.Discr"	"Supply.Seq.Discr"	
"0x2304 'Objects\Supply.Discr'"	"0x8100"	"Supply.Discr"	"Supply.Discr"	"Supply.Discr"	"Supply.Discr"	"Supply.Discr"	"Supply.Discr"	"Supply.Discr"	"Supply.Discr"	
"0x2304 'Objects\Supply.Sp.Discr'"	"0x8100"	"Supply.Sp.Discr"	"Supply.Sp.Discr"	"Supply.Sp.Discr"	"Supply.Sp.Discr"	"Supply.Sp.Discr"	"Supply.Sp.Discr"	"Supply.Sp.Discr"	"Supply.Sp.Discr"	
"0x230A 'Objects\Supply.Sp.SpFan'"	"0x8100"	"Supply.Sp.SpFan"	"Supply.Sp.SpFan"	"Supply.Sp.SpFan"	"Supply.Sp.SpFan"	"Supply.Sp.SpFan"	"Supply.Sp.SpFan"	"Supply.Sp.SpFan"	"Supply.Sp.SpFan"	
"0x2300 'Objects\Supply.Sp.SpPEco'"	"0x8100"	"Supply.Sp.SpPEco"	"Supply.Sp.SpPEco"	"Supply.Sp.SpPEco"	"Supply.Sp.SpPEco"	"Supply.Sp.SpPEco"	"Supply.Sp.SpPEco"	"Supply.Sp.SpPEco"	"Supply.Sp.SpPEco"	
"0x2300 'Objects\Supply.Sp.SpPComf'"	"0x8100"	"Supply.Sp.SpPComf"	"Supply.Sp.SpPComf"	"Supply.Sp.SpPComf"	"Supply.Sp.SpPComf"	"Supply.Sp.SpPComf"	"Supply.Sp.SpPComf"	"Supply.Sp.SpPComf"	"Supply.Sp.SpPComf"	
"0x2300 'Objects\Supply.Sp.SpPMax'"	"0x8100"	"Supply.Sp.SpPMax"	"Supply.Sp.SpPMax"	"Supply.Sp.SpPMax"	"Supply.Sp.SpPMax"	"Supply.Sp.SpPMax"	"Supply.Sp.SpPMax"	"Supply.Sp.SpPMax"	"Supply.Sp.SpPMax"	
"0x230A 'Objects\Supply.Sp.SpP'"	"0x8100"	"Supply.Sp.SpP"	"Supply.Sp.SpP"	"Supply.Sp.SpP"	"Supply.Sp.SpP"	"Supply.Sp.SpP"	"Supply.Sp.SpP"	"Supply.Sp.SpP"	"Supply.Sp.SpP"	
"0x2300 'Objects\Supply.Sp.SpQEco'"	"0x8100"	"Supply.Sp.SpQEco"	"Supply.Sp.SpQEco"	"Supply.Sp.SpQEco"	"Supply.Sp.SpQEco"	"Supply.Sp.SpQEco"	"Supply.Sp.SpQEco"	"Supply.Sp.SpQEco"	"Supply.Sp.SpQEco"	
"0x2300 'Objects\Supply.Sp.SpQComf'"	"0x8100"	"Supply.Sp.SpQComf"	"Supply.Sp.SpQComf"	"Supply.Sp.SpQComf"	"Supply.Sp.SpQComf"	"Supply.Sp.SpQComf"	"Supply.Sp.SpQComf"	"Supply.Sp.SpQComf"	"Supply.Sp.SpQComf"	
"0x2300 'Objects\Supply.Sp.SpQMax'"	"0x8100"	"Supply.Sp.SpQMax"	"Supply.Sp.SpQMax"	"Supply.Sp.SpQMax"	"Supply.Sp.SpQMax"	"Supply.Sp.SpQMax"	"Supply.Sp.SpQMax"	"Supply.Sp.SpQMax"	"Supply.Sp.SpQMax"	
"0x230A 'Objects\Supply.Sp.SpQ'"	"0x8100"	"Supply.Sp.SpQ"	"Supply.Sp.SpQ"	"Supply.Sp.SpQ"	"Supply.Sp.SpQ"	"Supply.Sp.SpQ"	"Supply.Sp.SpQ"	"Supply.Sp.SpQ"	"Supply.Sp.SpQ"	
"0x2302 'Objects\Supply.Sp.SpMaxEn'"	"0x8100"	"Supply.Sp.SpMaxEn"	"Supply.Sp.SpMaxEn"	"Supply.Sp.SpMaxEn"	"Supply.Sp.SpMaxEn"	"Supply.Sp.SpMaxEn"	"Supply.Sp.SpMaxEn"	"Supply.Sp.SpMaxEn"	"Supply.Sp.SpMaxEn"	
"0x2302 'Objects\Supply.Sp.Control'"	"0x8100"	"Supply.Sp.Control"	"Supply.Sp.Control"	"Supply.Sp.Control"	"Supply.Sp.Control"	"Supply.Sp.Control"	"Supply.Sp.Control"	"Supply.Sp.Control"	"Supply.Sp.Control"	
"0x2300 'Objects\Supply.Sp.K'"	"0x8100"	"Supply.Sp.K"	"Supply.Sp.K"	"Supply.Sp.K"	"Supply.Sp.K"	"Supply.Sp.K"	"Supply.Sp.K"	"Supply.Sp.K"	"Supply.Sp.K"	
"0x230A 'Objects\Supply.Sp.Sp'"	"0x8100"	"Supply.Sp.Sp"	"Supply.Sp.Sp"	"Supply.Sp.Sp"	"Supply.Sp.Sp"	"Supply.Sp.Sp"	"Supply.Sp.Sp"	"Supply.Sp.Sp"	"Supply.Sp.Sp"	
"0x2300 'Objects\Supply.LoopCtl.XP'"	"0x8100"	"Supply.LoopCtl.XP"	"Supply.LoopCtl.XP"	"Supply.LoopCtl.XP"	"Supply.LoopCtl.XP"	"Supply.LoopCtl.XP"	"Supply.LoopCtl.XP"	"Supply.LoopCtl.XP"	"Supply.LoopCtl.XP"	
"0x2300 'Objects\Supply.LoopCtl.TI'"	"0x8100"	"Supply.LoopCtl.TI"	"Supply.LoopCtl.TI"	"Supply.LoopCtl.TI"	"Supply.LoopCtl.TI"	"Supply.LoopCtl.TI"	"Supply.LoopCtl.TI"	"Supply.LoopCtl.TI"	"Supply.LoopCtl.TI"	
"0x2300 'Objects\Supply.LoopCtl.TD'"	"0x8100"	"Supply.LoopCtl.TD"	"Supply.LoopCtl.TD"	"Supply.LoopCtl.TD"	"Supply.LoopCtl.TD"	"Supply.LoopCtl.TD"	"Supply.LoopCtl.TD"	"Supply.LoopCtl.TD"	"Supply.LoopCtl.TD"	
"0x2300 'Objects\Supply.LoopCtl.Nz'"	"0x8100"	"Supply.LoopCtl.Nz"	"Supply.LoopCtl.Nz"	"Supply.LoopCtl.Nz"	"Supply.LoopCtl.Nz"	"Supply.LoopCtl.Nz"	"Supply.LoopCtl.Nz"	"Supply.LoopCtl.Nz"	"Supply.LoopCtl.Nz"	
"0x2300 'Objects\Supply.LoopCtl.DvnLim'"	"0x8100"	"Supply.LoopCtl.DvnLim"	"Supply.LoopCtl.DvnLim"	"Supply.LoopCtl.DvnLim"	"Supply.LoopCtl.DvnLim"	"Supply.LoopCtl.DvnLim"	"Supply.LoopCtl.DvnLim"	"Supply.LoopCtl.DvnLim"	"Supply.LoopCtl.DvnLim"	
"0x230B 'Objects\Supply.LoopCtl.Mode'"	"0x8100"	"Supply.LoopCtl.Mode"	"Supply.LoopCtl.Mode"	"Supply.LoopCtl.Mode"	"Supply.LoopCtl.Mode"	"Supply.LoopCtl.Mode"	"Supply.LoopCtl.Mode"	"Supply.LoopCtl.Mode"	"Supply.LoopCtl.Mode"	
"0x230A 'Objects\Supply.LoopCtl.Pos'"	"0x8100"	"Supply.LoopCtl.Pos"	"Supply.LoopCtl.Pos"	"Supply.LoopCtl.Pos"	"Supply.LoopCtl.Pos"	"Supply.LoopCtl.Pos"	"Supply.LoopCtl.Pos"	"Supply.LoopCtl.Pos"	"Supply.LoopCtl.Pos"	
"0x230B 'Objects\Supply.LoopCtl.State'"	"0x8100"	"Supply.LoopCtl.State"	"Supply.LoopCtl.State"	"Supply.LoopCtl.State"	"Supply.LoopCtl.State"	"Supply.LoopCtl.State"	"Supply.LoopCtl.State"	"Supply.LoopCtl.State"	"Supply.LoopCtl.State"	
"0x230A 'Objects\Supply.SpdP'"	"0x8100"	"Supply.SpdP"	"Supply.SpdP"	"Supply.SpdP"	"Supply.SpdP"	"Supply.SpdP"	"Supply.SpdP"	"Supply.SpdP"	"Supply.SpdP"	
"0x230A 'Objects\Supply.dP'"	"0x8100"	"Supply.dP"	"Supply.dP"	"Supply.dP"	"Supply.dP"	"Supply.dP"	"Supply.dP"	"Supply.dP"	"Supply.dP"	
"0x230A 'Objects\Supply.Q'"	"0x8100"	"Supply.Q"	"Supply.Q"	"Supply.Q"	"Supply.Q"	"Supply.Q"	"Supply.Q"	"Supply.Q"	"Supply.Q"	
"0x230A 'Objects\Supply.Fan'"	"0x8100"	"Supply.Fan"	"Supply.Fan"	"Supply.Fan"	"Supply.Fan"	"Supply.Fan"	"Supply.Fan"	"Supply.Fan"	"Supply.Fan"	
"0x2300 'Objects\Supply.HighSpeedOn'"	"0x8100"	"Supply.HighSpeedOn"	"Supply.HighSpeedOn"	"Supply.HighSpeedOn"	"Supply.HighSpeedOn"	"Supply.HighSpeedOn"	"Supply.HighSpeedOn"	"Supply.HighSpeedOn"	"Supply.HighSpeedOn"	
"0x2300 'Objects\Supply.HighSpeedOff'"	"0x8100"	"Supply.HighSpeedOff"	"Supply.HighSpeedOff"	"Supply.HighSpeedOff"	"Supply.HighSpeedOff"	"Supply.HighSpeedOff"	"Supply.HighSpeedOff"	"Supply.HighSpeedOff"	"Supply.HighSpeedOff"	
"0x2304 'Objects\Objects.State.Discr'"	"0x8100"	"Objects.State.Discr"	"Objects.State.Discr"	"Objects.State.Discr"	"Objects.State.Discr"	"Objects.State.Discr"	"Objects.State.Discr"	"Objects.State.Discr"	"Objects.State.Discr"	
"0x230B 'Objects\Objects.State.NewState'"	"0x8100"	"Objects.State.NewState"	"Objects.State.NewState"	"Objects.State.NewState"	"Objects.State.NewState"	"Objects.State.NewState"	"Objects.State.NewState"	"Objects.State.NewState"	"Objects.State.NewState"	
"0x230B 'Objects\Objects.State.OldState'"	"0x8100"	"Objects.State.OldState"	"Objects.State.OldState"	"Objects.State.OldState"	"Objects.State.OldState"	"Objects.State.OldState"	"Objects.State.OldState"	"Objects.State.OldState"	"Objects.State.OldState"	
"0x230A 'Objects\Objects.State.NewStateTime'"	"0x8100"	"Objects.State.NewStateTime"	"Objects.State.NewStateTime"	"Objects.State.NewStateTime"	"Objects.State.NewStateTime"	"Objects.State.NewStateTime"	"Objects.State.NewStateTime"	"Objects.State.NewStateTime"	"Objects.State.NewStateTime"	
"0x230A 'Objects\Objects.State.OldStateTime'"	"0x8100"	"Objects.State.OldStateTime"	"Objects.State.OldStateTime"	"Objects.State.OldStateTime"	"Objects.State.OldStateTime"	"Objects.State.OldStateTime"	"Objects.State.OldStateTime"	"Objects.State.OldStateTime"	"Objects.State.OldStateTime"	
"0x2300 'Objects\Exhaust.Low'"	"0x8100"	"Exhaust.Low"	"Exhaust.Low"	"Exhaust.Low"	"Exhaust.Low"	"Exhaust.Low"	"Exhaust.Low"	"Exhaust.Low"	"Exhaust.Low"	
"0x2300 'Objects\Exhaust.High'"	"0x8100"	"Exhaust.High"	"Exhaust.High"	"Exhaust.High"	"Exhaust.High"	"Exhaust.High"	"Exhaust.High"	"Exhaust.High"	"Exhaust.High"	
"0x2302 'Objects\Exhaust.Seq.dPFbEn'"	"0x8100"	"Exhaust.Seq.dPFbEn"	"Exhaust.Seq.dPFbEn"	"Exhaust.Seq.dPFbEn"	"Exhaust.Seq.dPFbEn"	"Exhaust.Seq.dPFbEn"	"Exhaust.Seq.dPFbEn"	"Exhaust.Seq.dPFbEn"	"Exhaust.Seq.dPFbEn"	
"0x2302 'Objects\Exhaust.Seq.DmpFbEn'"	"0x8100"	"Exhaust.Seq.DmpFbEn"	"Exhaust.Seq.DmpFbEn"	"Exhaust.Seq.DmpFbEn"	"Exhaust.Seq.DmpFbEn"	"Exhaust.Seq.DmpFbEn"	"Exhaust.Seq.DmpFbEn"	"Exhaust.Seq.DmpFbEn"	"Exhaust.Seq.DmpFbEn"	
"0x2300 'Objects\Exhaust.Seq.TiOnFan'"	"0x8100"	"Exhaust.Seq.TiOnFan"	"Exhaust.Seq.TiOnFan"	"Exhaust.Seq.TiOnFan"	"Exhaust.Seq.TiOnFan"	"Exhaust.Seq.TiOnFan"	"Exhaust.Seq.TiOnFan"	"Exhaust.Seq.TiOnFan"	"Exhaust.Seq.TiOnFan"	
"0x2300 'Objects\Exhaust.Seq.TiOfFan'"	"0x8100"	"Exhaust.Seq.TiOfFan"	"Exhaust.Seq.TiOfFan"	"Exhaust.Seq.TiOfFan"	"Exhaust.Seq.TiOfFan"	"Exhaust.Seq.TiOfFan"	"Exhaust.Seq.TiOfFan"	"Exhaust.Seq.TiOfFan"	"Exhaust.Seq.TiOfFan"	
"0x2300 'Objects\Exhaust.Seq.TiOnDmp'"	"0x8100"	"Exhaust.Seq.TiOnDmp"	"Exhaust.Seq.TiOnDmp"	"Exhaust.Seq.TiOnDmp"	"Exhaust.Seq.TiOnDmp"	"Exhaust.Seq.TiOnDmp"	"Exhaust.Seq.TiOnDmp"	"Exhaust.Seq.TiOnDmp"	"Exhaust.Seq.TiOnDmp"	
"0x2300 'Objects\Exhaust.Seq.TiOfDmp'"	"0x8100"	"Exhaust.Seq.TiOfDmp"	"Exhaust.Seq.TiOfDmp"	"Exhaust.Seq.TiOfDmp"	"Exhaust.Seq.TiOfDmp"	"Exhaust.Seq.TiOfDmp"	"Exhaust.Seq.TiOfDmp"	"Exhaust.Seq.TiOfDmp"	"Exhaust.Seq.TiOfDmp"	
"0x2300 'Objects\Exhaust.Seq.TiOndP'"	"0x8100"	"Exhaust.Seq.TiOndP"	"Exhaust.Seq.TiOndP"	"Exhaust.Seq.TiOndP"	"Exhaust.Seq.TiOndP"	"Exhaust.Seq.TiOndP"	"Exhaust.Seq.TiOndP"	"Exhaust.Seq.TiOndP"	"Exhaust.Seq.TiOndP"	
"0x2300 'Objects\Exhaust.Seq.TiOfdP'"	"0x8100"	"Exhaust.Seq.TiOfdP"	"Exhaust.Seq.TiOfdP"	"Exhaust.Seq.TiOfdP"	"Exhaust.Seq.TiOfdP"	"Exhaust.Seq.TiOfdP"	"Exhaust.Seq.TiOfdP"	"Exhaust.Seq.TiOfdP"	"Exhaust.Seq.TiOfdP"	
"0x2300 'Objects\Exhaust.Seq.TiAlarmFan'"	"0x8100"	"Exhaust.Seq.TiAlarmFan"	"Exhaust.Seq.TiAlarmFan"	"Exhaust.Seq.TiAlarmFan"	"Exhaust.Seq.TiAlarmFan"	"Exhaust.Seq.TiAlarmFan"	"Exhaust.Seq.TiAlarmFan"	"Exhaust.Seq.TiAlarmFan"	"Exhaust.Seq.TiAlarmFan"	
"0x230A 'Objects\Exhaust.Seq.ETiOnFan'"	"0x8100"	"Exhaust.Seq.ETiOnFan"	"Exhaust.Seq.ETiOnFan"	"Exhaust.Seq.ETiOnFan"	"Exhaust.Seq.ETiOnFan"	"Exhaust.Seq.ETiOnFan"	"Exhaust.Seq.ETiOnFan"	"Exhaust.Seq.ETiOnFan"	"Exhaust.Seq.ETiOnFan"	
"0x230A 'Objects\Exhaust.Seq.ETiOfFan'"	"0x8100"	"Exhaust.Seq.ETiOfFan"	"Exhaust.Seq.ETiOfFan"	"Exhaust.Seq.ETiOfFan"	"Exhaust.Seq.ETiOfFan"	"Exhaust.Seq.ETiOfFan"	"Exhaust.Seq.ETiOfFan"	"Exhaust.Seq.ETiOfFan"	"Exhaust.Seq.ETiOfFan"	
"0x230A 'Objects\Exhaust.Seq.ETiOnDmp'"	"0x8100"	"Exhaust.Seq.ETiOnDmp"	"Exhaust.Seq.ETiOnDmp"	"Exhaust.Seq.ETiOnDmp"	"Exhaust.Seq.ETiOnDmp"	"Exhaust.Seq.ETiOnDmp"	"Exhaust.Seq.ETiOnDmp"	"Exhaust.Seq.ETiOnDmp"	"Exhaust.Seq.ETiOnDmp"	
"0x230A 'Objects\Exhaust.Seq.ETiOfDmp'"	"0x8100"	"Exhaust.Seq.ETiOfDmp"	"Exhaust.Seq.ETiOfDmp"	"Exhaust.Seq.ETiOfDmp"	"Exhaust.Seq.ETiOfDmp"	"Exhaust.Seq.ETiOfDmp"	"Exhaust.Seq.ETiOfDmp"	"Exhaust.Seq.ETiOfDmp"	"Exhaust.Seq.ETiOfDmp"	
"0x230A 'Objects\Exhaust.Seq.ETiOndP'"	"0x8100"	"Exhaust.Seq.ETiOndP"	"Exhaust.Seq.ETiOndP"	"Exhaust.Seq.ETiOndP"	"Exhaust.Seq.ETiOndP"	"Exhaust.Seq.ETiOndP"	"Exhaust.Seq.ETiOndP"	"Exhaust.Seq.ETiOndP"	"Exhaust.Seq.ETiOndP"	
"0x230A 'Objects\Exhaust.Seq.ETiOfdP'"	"0x8100"	"Exhaust.Seq.ETiOfdP"	"Exhaust.Seq.ETiOfdP"	"Exhaust.Seq.ETiOfdP"	"Exhaust.Seq.ETiOfdP"	"Exhaust.Seq.ETiOfdP"	"Exhaust.Seq.ETiOfdP"	"Exhaust.Seq.ETiOfdP"	"Exhaust.Seq.ETiOfdP"	
"0x230A 'Objects\Exhaust.Seq.ETiAlarmFan'"	"0x8100"	"Exhaust.Seq.ETiAlarmFan"	"Exhaust.Seq.ETiAlarmFan"	"Exhaust.Seq.ETiAlarmFan"	"Exhaust.Seq.ETiAlarmFan"	"Exhaust.Seq.ETiAlarmFan"	"Exhaust.Seq.ETiAlarmFan"	"Exhaust.Seq.ETiAlarmFan"	"Exhaust.Seq.ETiAlarmFan"	
"0x230B 'Objects\Exhaust.Seq.State'"	"0x8100"	"Exhaust.Seq.State"	"Exhaust.Seq.State"	"Exhaust.Seq.State"	"Exhaust.Seq.State"	"Exhaust.Seq.State"	"Exhaust.Seq.State"	"Exhaust.Seq.State"	"Exhaust.Seq.State"	
"0x230B 'Objects\Exhaust.Seq.Fan'"	"0x8100"	"Exhaust.Seq.Fan"	"Exhaust.Seq.Fan"	"Exhaust.Seq.Fan"	"Exhaust.Seq.Fan"	"Exhaust.Seq.Fan"	"Exhaust.Seq.Fan"	"Exhaust.Seq.Fan"	"Exhaust.Seq.Fan"	
"0x230B 'Objects\Exhaust.Seq.Dmp'"	"0x8100"	"Exhaust.Seq.Dmp"	"Exhaust.Seq.Dmp"	"Exhaust.Seq.Dmp"	"Exhaust.Seq.Dmp"	"Exhaust.Seq.Dmp"	"Exhaust.Seq.Dmp"	"Exhaust.Seq.Dmp"	"Exhaust.Seq.Dmp"	
"0x2304 'Objects\Exhaust.Seq.Discr'"	"0x8100"	"Exhaust.Seq.Discr"	"Exhaust.Seq.Discr"	"Exhaust.Seq.Discr"	"Exhaust.Seq.Discr"	"Exhaust.Seq.Discr"	"Exhaust.Seq.Discr"	"Exhaust.Seq.Discr"	"Exhaust.Seq.Discr"	
"0x2304 'Objects\Exhaust.Discr'"	"0x8100"	"Exhaust.Discr"	"Exhaust.Discr"	"Exhaust.Discr"	"Exhaust.Discr"	"Exhaust.Discr"	"Exhaust.Discr"	"Exhaust.Discr"	"Exhaust.Discr"	
"0x2304 'Objects\Exhaust.Sp.Discr'"	"0x8100"	"Exhaust.Sp.Discr"	"Exhaust.Sp.Discr"	"Exhaust.Sp.Discr"	"Exhaust.Sp.Discr"	"Exhaust.Sp.Discr"	"Exhaust.Sp.Discr"	"Exhaust.Sp.Discr"	"Exhaust.Sp.Discr"	
"0x230A 'Objects\Exhaust.Sp.SpFan'"	"0x8100"	"Exhaust.Sp.SpFan"	"Exhaust.Sp.SpFan"	"Exhaust.Sp.SpFan"	"Exhaust.Sp.SpFan"	"Exhaust.Sp.SpFan"	"Exhaust.Sp.SpFan"	"Exhaust.Sp.SpFan"	"Exhaust.Sp.SpFan"	
"0x2300 'Objects\Exhaust.Sp.SpPEco'"	"0x8100"	"Exhaust.Sp.SpPEco"	"Exhaust.Sp.SpPEco"	"Exhaust.Sp.SpPEco"	"Exhaust.Sp.SpPEco"	"Exhaust.Sp.SpPEco"	"Exhaust.Sp.SpPEco"	"Exhaust.Sp.SpPEco"	"Exhaust.Sp.SpPEco"	
"0x2300 'Objects\Exhaust.Sp.SpPComf'"	"0x8100"	"Exhaust.Sp.SpPComf"	"Exhaust.Sp.SpPComf"	"Exhaust.Sp.SpPComf"	"Exhaust.Sp.SpPComf"	"Exhaust.Sp.SpPComf"	"Exhaust.Sp.SpPComf"	"Exhaust.Sp.SpPComf"	"Exhaust.Sp.SpPComf"	
"0x2300 'Objects\Exhaust.Sp.SpPMax'"	"0x8100"	"Exhaust.Sp.SpPMax"	"Exhaust.Sp.SpPMax"	"Exhaust.Sp.SpPMax"	"Exhaust.Sp.SpPMax"	"Exhaust.Sp.SpPMax"	"Exhaust.Sp.SpPMax"	"Exhaust.Sp.SpPMax"	"Exhaust.Sp.SpPMax"	
"0x230A 'Objects\Exhaust.Sp.SpP'"	"0x8100"	"Exhaust.Sp.SpP"	"Exhaust.Sp.SpP"	"Exhaust.Sp.SpP"	"Exhaust.Sp.SpP"	"Exhaust.Sp.SpP"	"Exhaust.Sp.SpP"	"Exhaust.Sp.SpP"	"Exhaust.Sp.SpP"	
"0x2300 'Objects\Exhaust.Sp.SpQEco'"	"0x8100"	"Exhaust.Sp.SpQEco"	"Exhaust.Sp.SpQEco"	"Exhaust.Sp.SpQEco"	"Exhaust.Sp.SpQEco"	"Exhaust.Sp.SpQEco"	"Exhaust.Sp.SpQEco"	"Exhaust.Sp.SpQEco"	"Exhaust.Sp.SpQEco"	
"0x2300 'Objects\Exhaust.Sp.SpQComf'"	"0x8100"	"Exhaust.Sp.SpQComf"	"Exhaust.Sp.SpQComf"	"Exhaust.Sp.SpQComf"	"Exhaust.Sp.SpQComf"	"Exhaust.Sp.SpQComf"	"Exhaust.Sp.SpQComf"	"Exhaust.Sp.SpQComf"	"Exhaust.Sp.SpQComf"	
"0x2300 'Objects\Exhaust.Sp.SpQMax'"	"0x8100"	"Exhaust.Sp.SpQMax"	"Exhaust.Sp.SpQMax"	"Exhaust.Sp.SpQMax"	"Exhaust.Sp.SpQMax"	"Exhaust.Sp.SpQMax"	"Exhaust.Sp.SpQMax"	"Exhaust.Sp.SpQMax"	"Exhaust.Sp.SpQMax"	
"0x230A 'Objects\Exhaust.Sp.SpQ'"	"0x8100"	"Exhaust.Sp.SpQ"	"Exhaust.Sp.SpQ"	"Exhaust.Sp.SpQ"	"Exhaust.Sp.SpQ"	"Exhaust.Sp.SpQ"	"Exhaust.Sp.SpQ"	"Exhaust.Sp.SpQ"	"Exhaust.Sp.SpQ"	
"0x2302 'Objects\Exhaust.Sp.SpMaxEn'"	"0x8100"	"Exhaust.Sp.SpMaxEn"	"Exhaust.Sp.SpMaxEn"	"Exhaust.Sp.SpMaxEn"	"Exhaust.Sp.SpMaxEn"	"Exhaust.Sp.SpMaxEn"	"Exhaust.Sp.SpMaxEn"	"Exhaust.Sp.SpMaxEn"	"Exhaust.Sp.SpMaxEn"	
"0x2302 'Objects\Exhaust.Sp.Control'"	"0x8100"	"Exhaust.Sp.Control"	"Exhaust.Sp.Control"	"Exhaust.Sp.Control"	"Exhaust.Sp.Control"	"Exhaust.Sp.Control"	"Exhaust.Sp.Control"	"Exhaust.Sp.Control"	"Exhaust.Sp.Control"	
"0x2300 'Objects\Exhaust.Sp.K'"	"0x8100"	"Exhaust.Sp.K"	"Exhaust.Sp.K"	"Exhaust.Sp.K"	"Exhaust.Sp.K"	"Exhaust.Sp.K"	"Exhaust.Sp.K"	"Exhaust.Sp.K"	"Exhaust.Sp.K"	
"0x230A 'Objects\Exhaust.Sp.Sp'"	"0x8100"	"Exhaust.Sp.Sp"	"Exhaust.Sp.Sp"	"Exhaust.Sp.Sp"	"Exhaust.Sp.Sp"	"Exhaust.Sp.Sp"	"Exhaust.Sp.Sp"	"Exhaust.Sp.Sp"	"Exhaust.Sp.Sp"	
"0x2300 'Objects\Exhaust.LoopCtl.XP'"	"0x8100"	"Exhaust.LoopCtl.XP"	"Exhaust.LoopCtl.XP"	"Exhaust.LoopCtl.XP"	"Exhaust.LoopCtl.XP"	"Exhaust.LoopCtl.XP"	"Exhaust.LoopCtl.XP"	"Exhaust.LoopCtl.XP"	"Exhaust.LoopCtl.XP"	
"0x2300 'Objects\Exhaust.LoopCtl.TI'"	"0x8100"	"Exhaust.LoopCtl.TI"	"Exhaust.LoopCtl.TI"	"Exhaust.LoopCtl.TI"	"Exhaust.LoopCtl.TI"	"Exhaust.LoopCtl.TI"	"Exhaust.LoopCtl.TI"	"Exhaust.LoopCtl.TI"	"Exhaust.LoopCtl.TI"	
"0x2300 'Objects\Exhaust.LoopCtl.TD'"	"0x8100"	"Exhaust.LoopCtl.TD"	"Exhaust.LoopCtl.TD"	"Exhaust.LoopCtl.TD"	"Exhaust.LoopCtl.TD"	"Exhaust.LoopCtl.TD"	"Exhaust.LoopCtl.TD"	"Exhaust.LoopCtl.TD"	"Exhaust.LoopCtl.TD"	
"0x2300 'Objects\Exhaust.LoopCtl.Nz'"	"0x8100"	"Exhaust.LoopCtl.Nz"	"Exhaust.LoopCtl.Nz"	"Exhaust.LoopCtl.Nz"	"Exhaust.LoopCtl.Nz"	"Exhaust.LoopCtl.Nz"	"Exhaust.LoopCtl.Nz"	"Exhaust.LoopCtl.Nz"	"Exhaust.LoopCtl.Nz"	
"0x2300 'Objects\Exhaust.LoopCtl.DvnLim'"	"0x8100"	"Exhaust.LoopCtl.DvnLim"	"Exhaust.LoopCtl.DvnLim"	"Exhaust.LoopCtl.DvnLim"	"Exhaust.LoopCtl.DvnLim"	"Exhaust.LoopCtl.DvnLim"	"Exhaust.LoopCtl.DvnLim"	"Exhaust.LoopCtl.DvnLim"	"Exhaust.LoopCtl.DvnLim"	
"0x230B 'Objects\Exhaust.LoopCtl.Mode'"	"0x8100"	"Exhaust.LoopCtl.Mode"	"Exhaust.LoopCtl.Mode"	"Exhaust.LoopCtl.Mode"	"Exhaust.LoopCtl.Mode"	"Exhaust.LoopCtl.Mode"	"Exhaust.LoopCtl.Mode"	"Exhaust.LoopCtl.Mode"	"Exhaust.LoopCtl.Mode"	
"0x230A 'Objects\Exhaust.LoopCtl.Pos'"	"0x8100"	"Exhaust.LoopCtl.Pos"	"Exhaust.LoopCtl.Pos"	"Exhaust.LoopCtl.Pos"	"Exhaust.LoopCtl.Pos"	"Exhaust.LoopCtl.Pos"	"Exhaust.LoopCtl.Pos"	"Exhaust.LoopCtl.Pos"	"Exhaust.LoopCtl.Pos"	
"0x230B 'Objects\Exhaust.LoopCtl.State'"	"0x8100"	"Exhaust.LoopCtl.State"	"Exhaust.LoopCtl.State"	"Exhaust.LoopCtl.State"	"Exhaust.LoopCtl.State"	"Exhaust.LoopCtl.State"	"Exhaust.LoopCtl.State"	"Exhaust.LoopCtl.State"	"Exhaust.LoopCtl.State"	
"0x230A 'Objects\Exhaust.SpdP'"	"0x8100"	"Exhaust.SpdP"	"Exhaust.SpdP"	"Exhaust.SpdP"	"Exhaust.SpdP"	"Exhaust.SpdP"	"Exhaust.SpdP"	"Exhaust.SpdP"	"Exhaust.SpdP"	
"0x230A 'Objects\Exhaust.dP'"	"0x8100"	"Exhaust.dP"	"Exhaust.dP"	"Exhaust.dP"	"Exhaust.dP"	"Exhaust.dP"	"Exhaust.dP"	"Exhaust.dP"	"Exhaust.dP"	
"0x230A 'Objects\Exhaust.Q'"	"0x8100"	"Exhaust.Q"	"Exhaust.Q"	"Exhaust.Q"	"Exhaust.Q"	"Exhaust.Q"	"Exhaust.Q"	"Exhaust.Q"	"Exhaust.Q"	
"0x230A 'Objects\Exhaust.Fan'"	"0x8100"	"Exhaust.Fan"	"Exhaust.Fan"	"Exhaust.Fan"	"Exhaust.Fan"	"Exhaust.Fan"	"Exhaust.Fan"	"Exhaust.Fan"	"Exhaust.Fan"	
"0x2300 'Objects\Exhaust.HighSpeedOn'"	"0x8100"	"Exhaust.HighSpeedOn"	"Exhaust.HighSpeedOn"	"Exhaust.HighSpeedOn"	"Exhaust.HighSpeedOn"	"Exhaust.HighSpeedOn"	"Exhaust.HighSpeedOn"	"Exhaust.HighSpeedOn"	"Exhaust.HighSpeedOn"	
"0x2300 'Objects\Exhaust.HighSpeedOff'"	"0x8100"	"Exhaust.HighSpeedOff"	"Exhaust.HighSpeedOff"	"Exhaust.HighSpeedOff"	"Exhaust.HighSpeedOff"	"Exhaust.HighSpeedOff"	"Exhaust.HighSpeedOff"	"Exhaust.HighSpeedOff"	"Exhaust.HighSpeedOff"	
"0x2304 'Objects\TmpCtl.Discr'"	"0x8100"	"TmpCtl.Discr"	"TmpCtl.Discr"	"TmpCtl.Discr"	"TmpCtl.Discr"	"TmpCtl.Discr"	"TmpCtl.Discr"	"TmpCtl.Discr"	"TmpCtl.Discr"	
"0x230A 'Objects\TmpCtl.Tsupply'"	"0x8100"	"TmpCtl.Tsupply"	"TmpCtl.Tsupply"	"TmpCtl.Tsupply"	"TmpCtl.Tsupply"	"TmpCtl.Tsupply"	"TmpCtl.Tsupply"	"TmpCtl.Tsupply"	"TmpCtl.Tsupply"	
"0x230A 'Objects\TmpCtl.Treturn'"	"0x8100"	"TmpCtl.Treturn"	"TmpCtl.Treturn"	"TmpCtl.Treturn"	"TmpCtl.Treturn"	"TmpCtl.Treturn"	"TmpCtl.Treturn"	"TmpCtl.Treturn"	"TmpCtl.Treturn"	
"0x230A 'Objects\TmpCtl.Troom'"	"0x8100"	"TmpCtl.Troom"	"TmpCtl.Troom"	"TmpCtl.Troom"	"TmpCtl.Troom"	"TmpCtl.Troom"	"TmpCtl.Troom"	"TmpCtl.Troom"	"TmpCtl.Troom"	
"0x230A 'Objects\TmpCtl.Toutside'"	"0x8100"	"TmpCtl.Toutside"	"TmpCtl.Toutside"	"TmpCtl.Toutside"	"TmpCtl.Toutside"	"TmpCtl.Toutside"	"TmpCtl.Toutside"	"TmpCtl.Toutside"	"TmpCtl.Toutside"	
"0x230A 'Objects\TmpCtl.TheatProt'"	"0x8100"	"TmpCtl.TheatProt"	"TmpCtl.TheatProt"	"TmpCtl.TheatProt"	"TmpCtl.TheatProt"	"TmpCtl.TheatProt"	"TmpCtl.TheatProt"	"TmpCtl.TheatProt"	"TmpCtl.TheatProt"	
"0x230A 'Objects\TmpCtl.Heat'"	"0x8100"	"TmpCtl.Heat"	"TmpCtl.Heat"	"TmpCtl.Heat"	"TmpCtl.Heat"	"TmpCtl.Heat"	"TmpCtl.Heat"	"TmpCtl.Heat"	"TmpCtl.Heat"	
"0x230A 'Objects\TmpCtl.Cool'"	"0x8100"	"TmpCtl.Cool"	"TmpCtl.Cool"	"TmpCtl.Cool"	"TmpCtl.Cool"	"TmpCtl.Cool"	"TmpCtl.Cool"	"TmpCtl.Cool"	"TmpCtl.Cool"	
"0x230A 'Objects\TmpCtl.Recup'"	"0x8100"	"TmpCtl.Recup"	"TmpCtl.Recup"	"TmpCtl.Recup"	"TmpCtl.Recup"	"TmpCtl.Recup"	"TmpCtl.Recup"	"TmpCtl.Recup"	"TmpCtl.Recup"	
"0x230A 'Objects\TmpCtl.MixBox'"	"0x8100"	"TmpCtl.MixBox"	"TmpCtl.MixBox"	"TmpCtl.MixBox"	"TmpCtl.MixBox"	"TmpCtl.MixBox"	"TmpCtl.MixBox"	"TmpCtl.MixBox"	"TmpCtl.MixBox"	
"0x230A 'Objects\TmpCtl.RecupBypass'"	"0x8100"	"TmpCtl.RecupBypass"	"TmpCtl.RecupBypass"	"TmpCtl.RecupBypass"	"TmpCtl.RecupBypass"	"TmpCtl.RecupBypass"	"TmpCtl.RecupBypass"	"TmpCtl.RecupBypass"	"TmpCtl.RecupBypass"	
"0x2304 'Objects\TmpCtl.WarmUp.Discr'"	"0x8100"	"TmpCtl.WarmUp.Discr"	"TmpCtl.WarmUp.Discr"	"TmpCtl.WarmUp.Discr"	"TmpCtl.WarmUp.Discr"	"TmpCtl.WarmUp.Discr"	"TmpCtl.WarmUp.Discr"	"TmpCtl.WarmUp.Discr"	"TmpCtl.WarmUp.Discr"	
"0x2300 'Objects\TmpCtl.WarmUp.X1'"	"0x8100"	"TmpCtl.WarmUp.X1"	"TmpCtl.WarmUp.X1"	"TmpCtl.WarmUp.X1"	"TmpCtl.WarmUp.X1"	"TmpCtl.WarmUp.X1"	"TmpCtl.WarmUp.X1"	"TmpCtl.WarmUp.X1"	"TmpCtl.WarmUp.X1"	
"0x2300 'Objects\TmpCtl.WarmUp.Y1'"	"0x8100"	"TmpCtl.WarmUp.Y1"	"TmpCtl.WarmUp.Y1"	"TmpCtl.WarmUp.Y1"	"TmpCtl.WarmUp.Y1"	"TmpCtl.WarmUp.Y1"	"TmpCtl.WarmUp.Y1"	"TmpCtl.WarmUp.Y1"	"TmpCtl.WarmUp.Y1"	
"0x2300 'Objects\TmpCtl.WarmUp.X2'"	"0x8100"	"TmpCtl.WarmUp.X2"	"TmpCtl.WarmUp.X2"	"TmpCtl.WarmUp.X2"	"TmpCtl.WarmUp.X2"	"TmpCtl.WarmUp.X2"	"TmpCtl.WarmUp.X2"	"TmpCtl.WarmUp.X2"	"TmpCtl.WarmUp.X2"	
"0x2300 'Objects\TmpCtl.WarmUp.Y2'"	"0x8100"	"TmpCtl.WarmUp.Y2"	"TmpCtl.WarmUp.Y2"	"TmpCtl.WarmUp.Y2"	"TmpCtl.WarmUp.Y2"	"TmpCtl.WarmUp.Y2"	"TmpCtl.WarmUp.Y2"	"TmpCtl.WarmUp.Y2"	"TmpCtl.WarmUp.Y2"	
"0x2300 'Objects\TmpCtl.WarmUp.Tm'"	"0x8100"	"TmpCtl.WarmUp.Tm"	"TmpCtl.WarmUp.Tm"	"TmpCtl.WarmUp.Tm"	"TmpCtl.WarmUp.Tm"	"TmpCtl.WarmUp.Tm"	"TmpCtl.WarmUp.Tm"	"TmpCtl.WarmUp.Tm"	"TmpCtl.WarmUp.Tm"	
"0x230A 'Objects\TmpCtl.WarmUp.Et'"	"0x8100"	"TmpCtl.WarmUp.Et"	"TmpCtl.WarmUp.Et"	"TmpCtl.WarmUp.Et"	"TmpCtl.WarmUp.Et"	"TmpCtl.WarmUp.Et"	"TmpCtl.WarmUp.Et"	"TmpCtl.WarmUp.Et"	"TmpCtl.WarmUp.Et"	
"0x230A 'Objects\TmpCtl.WarmUp.Sig'"	"0x8100"	"TmpCtl.WarmUp.Sig"	"TmpCtl.WarmUp.Sig"	"TmpCtl.WarmUp.Sig"	"TmpCtl.WarmUp.Sig"	"TmpCtl.WarmUp.Sig"	"TmpCtl.WarmUp.Sig"	"TmpCtl.WarmUp.Sig"	"TmpCtl.WarmUp.Sig"	
"0x2300 'Objects\TmpCtl.WarmUp.TmOff'"	"0x8100"	"TmpCtl.WarmUp.TmOff"	"TmpCtl.WarmUp.TmOff"	"TmpCtl.WarmUp.TmOff"	"TmpCtl.WarmUp.TmOff"	"TmpCtl.WarmUp.TmOff"	"TmpCtl.WarmUp.TmOff"	"TmpCtl.WarmUp.TmOff"	"TmpCtl.WarmUp.TmOff"	
"0x230A 'Objects\TmpCtl.WarmUp.EtOff'"	"0x8100"	"TmpCtl.WarmUp.EtOff"	"TmpCtl.WarmUp.EtOff"	"TmpCtl.WarmUp.EtOff"	"TmpCtl.WarmUp.EtOff"	"TmpCtl.WarmUp.EtOff"	"TmpCtl.WarmUp.EtOff"	"TmpCtl.WarmUp.EtOff"	"TmpCtl.WarmUp.EtOff"	
"0x2300 'Objects\FpLimCtl.LimToutsideCtl.Lim'"	"0x8100"	"FpLimCtl.LimToutsideCtl.Lim"	"FpLimCtl.LimToutsideCtl.Lim"	"FpLimCtl.LimToutsideCtl.Lim"	"FpLimCtl.LimToutsideCtl.Lim"	"FpLimCtl.LimToutsideCtl.Lim"	"FpLimCtl.LimToutsideCtl.Lim"	"FpLimCtl.LimToutsideCtl.Lim"	"FpLimCtl.LimToutsideCtl.Lim"	
"0x2300 'Objects\FpLimCtl.LimToutsideCtl.Hys'"	"0x8100"	"FpLimCtl.LimToutsideCtl.Hys"	"FpLimCtl.LimToutsideCtl.Hys"	"FpLimCtl.LimToutsideCtl.Hys"	"FpLimCtl.LimToutsideCtl.Hys"	"FpLimCtl.LimToutsideCtl.Hys"	"FpLimCtl.LimToutsideCtl.Hys"	"FpLimCtl.LimToutsideCtl.Hys"	"FpLimCtl.LimToutsideCtl.Hys"	
"0x230B 'Objects\FpLimCtl.LimToutsideCtl.State'"	"0x8100"	"FpLimCtl.LimToutsideCtl.State"	"FpLimCtl.LimToutsideCtl.State"	"FpLimCtl.LimToutsideCtl.State"	"FpLimCtl.LimToutsideCtl.State"	"FpLimCtl.LimToutsideCtl.State"	"FpLimCtl.LimToutsideCtl.State"	"FpLimCtl.LimToutsideCtl.State"	"FpLimCtl.LimToutsideCtl.State"	
"0x230A 'Objects\FpLimCtl.LimToutside'"	"0x8100"	"FpLimCtl.LimToutside"	"FpLimCtl.LimToutside"	"FpLimCtl.LimToutside"	"FpLimCtl.LimToutside"	"FpLimCtl.LimToutside"	"FpLimCtl.LimToutside"	"FpLimCtl.LimToutside"	"FpLimCtl.LimToutside"	
"0x2302 'Objects\FpLimCtl.LimToutsideEn'"	"0x8100"	"FpLimCtl.LimToutsideEn"	"FpLimCtl.LimToutsideEn"	"FpLimCtl.LimToutsideEn"	"FpLimCtl.LimToutsideEn"	"FpLimCtl.LimToutsideEn"	"FpLimCtl.LimToutsideEn"	"FpLimCtl.LimToutsideEn"	"FpLimCtl.LimToutsideEn"	
"0x2300 'Objects\FpLimCtl.LimTfrostCtl.Lim'"	"0x8100"	"FpLimCtl.LimTfrostCtl.Lim"	"FpLimCtl.LimTfrostCtl.Lim"	"FpLimCtl.LimTfrostCtl.Lim"	"FpLimCtl.LimTfrostCtl.Lim"	"FpLimCtl.LimTfrostCtl.Lim"	"FpLimCtl.LimTfrostCtl.Lim"	"FpLimCtl.LimTfrostCtl.Lim"	"FpLimCtl.LimTfrostCtl.Lim"	
"0x2300 'Objects\FpLimCtl.LimTfrostCtl.Hys'"	"0x8100"	"FpLimCtl.LimTfrostCtl.Hys"	"FpLimCtl.LimTfrostCtl.Hys"	"FpLimCtl.LimTfrostCtl.Hys"	"FpLimCtl.LimTfrostCtl.Hys"	"FpLimCtl.LimTfrostCtl.Hys"	"FpLimCtl.LimTfrostCtl.Hys"	"FpLimCtl.LimTfrostCtl.Hys"	"FpLimCtl.LimTfrostCtl.Hys"	
"0x230B 'Objects\FpLimCtl.LimTfrostCtl.State'"	"0x8100"	"FpLimCtl.LimTfrostCtl.State"	"FpLimCtl.LimTfrostCtl.State"	"FpLimCtl.LimTfrostCtl.State"	"FpLimCtl.LimTfrostCtl.State"	"FpLimCtl.LimTfrostCtl.State"	"FpLimCtl.LimTfrostCtl.State"	"FpLimCtl.LimTfrostCtl.State"	"FpLimCtl.LimTfrostCtl.State"	
"0x230A 'Objects\FpLimCtl.LimTfrost'"	"0x8100"	"FpLimCtl.LimTfrost"	"FpLimCtl.LimTfrost"	"FpLimCtl.LimTfrost"	"FpLimCtl.LimTfrost"	"FpLimCtl.LimTfrost"	"FpLimCtl.LimTfrost"	"FpLimCtl.LimTfrost"	"FpLimCtl.LimTfrost"	
"0x2302 'Objects\FpLimCtl.LimTfrostEn'"	"0x8100"	"FpLimCtl.LimTfrostEn"	"FpLimCtl.LimTfrostEn"	"FpLimCtl.LimTfrostEn"	"FpLimCtl.LimTfrostEn"	"FpLimCtl.LimTfrostEn"	"FpLimCtl.LimTfrostEn"	"FpLimCtl.LimTfrostEn"	"FpLimCtl.LimTfrostEn"	
"0x2300 'Objects\FpLimCtl.LimTreturnHCCtl.Lim'"	"0x8100"	"FpLimCtl.LimTreturnHCCtl.Lim"	"FpLimCtl.LimTreturnHCCtl.Lim"	"FpLimCtl.LimTreturnHCCtl.Lim"	"FpLimCtl.LimTreturnHCCtl.Lim"	"FpLimCtl.LimTreturnHCCtl.Lim"	"FpLimCtl.LimTreturnHCCtl.Lim"	"FpLimCtl.LimTreturnHCCtl.Lim"	"FpLimCtl.LimTreturnHCCtl.Lim"	
"0x2300 'Objects\FpLimCtl.LimTreturnHCCtl.Hys'"	"0x8100"	"FpLimCtl.LimTreturnHCCtl.Hys"	"FpLimCtl.LimTreturnHCCtl.Hys"	"FpLimCtl.LimTreturnHCCtl.Hys"	"FpLimCtl.LimTreturnHCCtl.Hys"	"FpLimCtl.LimTreturnHCCtl.Hys"	"FpLimCtl.LimTreturnHCCtl.Hys"	"FpLimCtl.LimTreturnHCCtl.Hys"	"FpLimCtl.LimTreturnHCCtl.Hys"	
"0x230B 'Objects\FpLimCtl.LimTreturnHCCtl.State'"	"0x8100"	"FpLimCtl.LimTreturnHCCtl.State"	"FpLimCtl.LimTreturnHCCtl.State"	"FpLimCtl.LimTreturnHCCtl.State"	"FpLimCtl.LimTreturnHCCtl.State"	"FpLimCtl.LimTreturnHCCtl.State"	"FpLimCtl.LimTreturnHCCtl.State"	"FpLimCtl.LimTreturnHCCtl.State"	"FpLimCtl.LimTreturnHCCtl.State"	
"0x230A 'Objects\FpLimCtl.LimTreturnHC'"	"0x8100"	"FpLimCtl.LimTreturnHC"	"FpLimCtl.LimTreturnHC"	"FpLimCtl.LimTreturnHC"	"FpLimCtl.LimTreturnHC"	"FpLimCtl.LimTreturnHC"	"FpLimCtl.LimTreturnHC"	"FpLimCtl.LimTreturnHC"	"FpLimCtl.LimTreturnHC"	
"0x2302 'Objects\FpLimCtl.LimTreturnHCEn'"	"0x8100"	"FpLimCtl.LimTreturnHCEn"	"FpLimCtl.LimTreturnHCEn"	"FpLimCtl.LimTreturnHCEn"	"FpLimCtl.LimTreturnHCEn"	"FpLimCtl.LimTreturnHCEn"	"FpLimCtl.LimTreturnHCEn"	"FpLimCtl.LimTreturnHCEn"	"FpLimCtl.LimTreturnHCEn"	
"0x2300 'Objects\FpLimCtl.CtlTfrost.XP'"	"0x8100"	"FpLimCtl.CtlTfrost.XP"	"FpLimCtl.CtlTfrost.XP"	"FpLimCtl.CtlTfrost.XP"	"FpLimCtl.CtlTfrost.XP"	"FpLimCtl.CtlTfrost.XP"	"FpLimCtl.CtlTfrost.XP"	"FpLimCtl.CtlTfrost.XP"	"FpLimCtl.CtlTfrost.XP"	
"0x2300 'Objects\FpLimCtl.CtlTfrost.TI'"	"0x8100"	"FpLimCtl.CtlTfrost.TI"	"FpLimCtl.CtlTfrost.TI"	"FpLimCtl.CtlTfrost.TI"	"FpLimCtl.CtlTfrost.TI"	"FpLimCtl.CtlTfrost.TI"	"FpLimCtl.CtlTfrost.TI"	"FpLimCtl.CtlTfrost.TI"	"FpLimCtl.CtlTfrost.TI"	
"0x2300 'Objects\FpLimCtl.CtlTfrost.TD'"	"0x8100"	"FpLimCtl.CtlTfrost.TD"	"FpLimCtl.CtlTfrost.TD"	"FpLimCtl.CtlTfrost.TD"	"FpLimCtl.CtlTfrost.TD"	"FpLimCtl.CtlTfrost.TD"	"FpLimCtl.CtlTfrost.TD"	"FpLimCtl.CtlTfrost.TD"	"FpLimCtl.CtlTfrost.TD"	
"0x2300 'Objects\FpLimCtl.CtlTfrost.Nz'"	"0x8100"	"FpLimCtl.CtlTfrost.Nz"	"FpLimCtl.CtlTfrost.Nz"	"FpLimCtl.CtlTfrost.Nz"	"FpLimCtl.CtlTfrost.Nz"	"FpLimCtl.CtlTfrost.Nz"	"FpLimCtl.CtlTfrost.Nz"	"FpLimCtl.CtlTfrost.Nz"	"FpLimCtl.CtlTfrost.Nz"	
"0x2300 'Objects\FpLimCtl.CtlTfrost.DvnLim'"	"0x8100"	"FpLimCtl.CtlTfrost.DvnLim"	"FpLimCtl.CtlTfrost.DvnLim"	"FpLimCtl.CtlTfrost.DvnLim"	"FpLimCtl.CtlTfrost.DvnLim"	"FpLimCtl.CtlTfrost.DvnLim"	"FpLimCtl.CtlTfrost.DvnLim"	"FpLimCtl.CtlTfrost.DvnLim"	"FpLimCtl.CtlTfrost.DvnLim"	
"0x230B 'Objects\FpLimCtl.CtlTfrost.Mode'"	"0x8100"	"FpLimCtl.CtlTfrost.Mode"	"FpLimCtl.CtlTfrost.Mode"	"FpLimCtl.CtlTfrost.Mode"	"FpLimCtl.CtlTfrost.Mode"	"FpLimCtl.CtlTfrost.Mode"	"FpLimCtl.CtlTfrost.Mode"	"FpLimCtl.CtlTfrost.Mode"	"FpLimCtl.CtlTfrost.Mode"	
"0x230A 'Objects\FpLimCtl.CtlTfrost.Pos'"	"0x8100"	"FpLimCtl.CtlTfrost.Pos"	"FpLimCtl.CtlTfrost.Pos"	"FpLimCtl.CtlTfrost.Pos"	"FpLimCtl.CtlTfrost.Pos"	"FpLimCtl.CtlTfrost.Pos"	"FpLimCtl.CtlTfrost.Pos"	"FpLimCtl.CtlTfrost.Pos"	"FpLimCtl.CtlTfrost.Pos"	
"0x230B 'Objects\FpLimCtl.CtlTfrost.State'"	"0x8100"	"FpLimCtl.CtlTfrost.State"	"FpLimCtl.CtlTfrost.State"	"FpLimCtl.CtlTfrost.State"	"FpLimCtl.CtlTfrost.State"	"FpLimCtl.CtlTfrost.State"	"FpLimCtl.CtlTfrost.State"	"FpLimCtl.CtlTfrost.State"	"FpLimCtl.CtlTfrost.State"	
"0x2300 'Objects\FpLimCtl.CtlTreturnHC.XP'"	"0x8100"	"FpLimCtl.CtlTreturnHC.XP"	"FpLimCtl.CtlTreturnHC.XP"	"FpLimCtl.CtlTreturnHC.XP"	"FpLimCtl.CtlTreturnHC.XP"	"FpLimCtl.CtlTreturnHC.XP"	"FpLimCtl.CtlTreturnHC.XP"	"FpLimCtl.CtlTreturnHC.XP"	"FpLimCtl.CtlTreturnHC.XP"	
"0x2300 'Objects\FpLimCtl.CtlTreturnHC.TI'"	"0x8100"	"FpLimCtl.CtlTreturnHC.TI"	"FpLimCtl.CtlTreturnHC.TI"	"FpLimCtl.CtlTreturnHC.TI"	"FpLimCtl.CtlTreturnHC.TI"	"FpLimCtl.CtlTreturnHC.TI"	"FpLimCtl.CtlTreturnHC.TI"	"FpLimCtl.CtlTreturnHC.TI"	"FpLimCtl.CtlTreturnHC.TI"	
"0x2300 'Objects\FpLimCtl.CtlTreturnHC.TD'"	"0x8100"	"FpLimCtl.CtlTreturnHC.TD"	"FpLimCtl.CtlTreturnHC.TD"	"FpLimCtl.CtlTreturnHC.TD"	"FpLimCtl.CtlTreturnHC.TD"	"FpLimCtl.CtlTreturnHC.TD"	"FpLimCtl.CtlTreturnHC.TD"	"FpLimCtl.CtlTreturnHC.TD"	"FpLimCtl.CtlTreturnHC.TD"	
"0x2300 'Objects\FpLimCtl.CtlTreturnHC.Nz'"	"0x8100"	"FpLimCtl.CtlTreturnHC.Nz"	"FpLimCtl.CtlTreturnHC.Nz"	"FpLimCtl.CtlTreturnHC.Nz"	"FpLimCtl.CtlTreturnHC.Nz"	"FpLimCtl.CtlTreturnHC.Nz"	"FpLimCtl.CtlTreturnHC.Nz"	"FpLimCtl.CtlTreturnHC.Nz"	"FpLimCtl.CtlTreturnHC.Nz"	
"0x2300 'Objects\FpLimCtl.CtlTreturnHC.DvnLim'"	"0x8100"	"FpLimCtl.CtlTreturnHC.DvnLim"	"FpLimCtl.CtlTreturnHC.DvnLim"	"FpLimCtl.CtlTreturnHC.DvnLim"	"FpLimCtl.CtlTreturnHC.DvnLim"	"FpLimCtl.CtlTreturnHC.DvnLim"	"FpLimCtl.CtlTreturnHC.DvnLim"	"FpLimCtl.CtlTreturnHC.DvnLim"	"FpLimCtl.CtlTreturnHC.DvnLim"	
"0x230B 'Objects\FpLimCtl.CtlTreturnHC.Mode'"	"0x8100"	"FpLimCtl.CtlTreturnHC.Mode"	"FpLimCtl.CtlTreturnHC.Mode"	"FpLimCtl.CtlTreturnHC.Mode"	"FpLimCtl.CtlTreturnHC.Mode"	"FpLimCtl.CtlTreturnHC.Mode"	"FpLimCtl.CtlTreturnHC.Mode"	"FpLimCtl.CtlTreturnHC.Mode"	"FpLimCtl.CtlTreturnHC.Mode"	
"0x230A 'Objects\FpLimCtl.CtlTreturnHC.Pos'"	"0x8100"	"FpLimCtl.CtlTreturnHC.Pos"	"FpLimCtl.CtlTreturnHC.Pos"	"FpLimCtl.CtlTreturnHC.Pos"	"FpLimCtl.CtlTreturnHC.Pos"	"FpLimCtl.CtlTreturnHC.Pos"	"FpLimCtl.CtlTreturnHC.Pos"	"FpLimCtl.CtlTreturnHC.Pos"	"FpLimCtl.CtlTreturnHC.Pos"	
"0x230B 'Objects\FpLimCtl.CtlTreturnHC.State'"	"0x8100"	"FpLimCtl.CtlTreturnHC.State"	"FpLimCtl.CtlTreturnHC.State"	"FpLimCtl.CtlTreturnHC.State"	"FpLimCtl.CtlTreturnHC.State"	"FpLimCtl.CtlTreturnHC.State"	"FpLimCtl.CtlTreturnHC.State"	"FpLimCtl.CtlTreturnHC.State"	"FpLimCtl.CtlTreturnHC.State"	
"0x2300 'Objects\TmpCtl.Lim.DirAct1.Lim'"	"0x8100"	"TmpCtl.Lim.DirAct1.Lim"	"TmpCtl.Lim.DirAct1.Lim"	"TmpCtl.Lim.DirAct1.Lim"	"TmpCtl.Lim.DirAct1.Lim"	"TmpCtl.Lim.DirAct1.Lim"	"TmpCtl.Lim.DirAct1.Lim"	"TmpCtl.Lim.DirAct1.Lim"	"TmpCtl.Lim.DirAct1.Lim"	
"0x2300 'Objects\TmpCtl.Lim.DirAct1.Hys'"	"0x8100"	"TmpCtl.Lim.DirAct1.Hys"	"TmpCtl.Lim.DirAct1.Hys"	"TmpCtl.Lim.DirAct1.Hys"	"TmpCtl.Lim.DirAct1.Hys"	"TmpCtl.Lim.DirAct1.Hys"	"TmpCtl.Lim.DirAct1.Hys"	"TmpCtl.Lim.DirAct1.Hys"	"TmpCtl.Lim.DirAct1.Hys"	
"0x230B 'Objects\TmpCtl.Lim.DirAct1.State'"	"0x8100"	"TmpCtl.Lim.DirAct1.State"	"TmpCtl.Lim.DirAct1.State"	"TmpCtl.Lim.DirAct1.State"	"TmpCtl.Lim.DirAct1.State"	"TmpCtl.Lim.DirAct1.State"	"TmpCtl.Lim.DirAct1.State"	"TmpCtl.Lim.DirAct1.State"	"TmpCtl.Lim.DirAct1.State"	
"0x2300 'Objects\TmpCtl.Lim.DirAct2.Lim'"	"0x8100"	"TmpCtl.Lim.DirAct2.Lim"	"TmpCtl.Lim.DirAct2.Lim"	"TmpCtl.Lim.DirAct2.Lim"	"TmpCtl.Lim.DirAct2.Lim"	"TmpCtl.Lim.DirAct2.Lim"	"TmpCtl.Lim.DirAct2.Lim"	"TmpCtl.Lim.DirAct2.Lim"	"TmpCtl.Lim.DirAct2.Lim"	
"0x2300 'Objects\TmpCtl.Lim.DirAct2.Hys'"	"0x8100"	"TmpCtl.Lim.DirAct2.Hys"	"TmpCtl.Lim.DirAct2.Hys"	"TmpCtl.Lim.DirAct2.Hys"	"TmpCtl.Lim.DirAct2.Hys"	"TmpCtl.Lim.DirAct2.Hys"	"TmpCtl.Lim.DirAct2.Hys"	"TmpCtl.Lim.DirAct2.Hys"	"TmpCtl.Lim.DirAct2.Hys"	
"0x230B 'Objects\TmpCtl.Lim.DirAct2.State'"	"0x8100"	"TmpCtl.Lim.DirAct2.State"	"TmpCtl.Lim.DirAct2.State"	"TmpCtl.Lim.DirAct2.State"	"TmpCtl.Lim.DirAct2.State"	"TmpCtl.Lim.DirAct2.State"	"TmpCtl.Lim.DirAct2.State"	"TmpCtl.Lim.DirAct2.State"	"TmpCtl.Lim.DirAct2.State"	
"0x2300 'Objects\TmpCtl.Lim.DirAct3.Lim'"	"0x8100"	"TmpCtl.Lim.DirAct3.Lim"	"TmpCtl.Lim.DirAct3.Lim"	"TmpCtl.Lim.DirAct3.Lim"	"TmpCtl.Lim.DirAct3.Lim"	"TmpCtl.Lim.DirAct3.Lim"	"TmpCtl.Lim.DirAct3.Lim"	"TmpCtl.Lim.DirAct3.Lim"	"TmpCtl.Lim.DirAct3.Lim"	
"0x2300 'Objects\TmpCtl.Lim.DirAct3.Hys'"	"0x8100"	"TmpCtl.Lim.DirAct3.Hys"	"TmpCtl.Lim.DirAct3.Hys"	"TmpCtl.Lim.DirAct3.Hys"	"TmpCtl.Lim.DirAct3.Hys"	"TmpCtl.Lim.DirAct3.Hys"	"TmpCtl.Lim.DirAct3.Hys"	"TmpCtl.Lim.DirAct3.Hys"	"TmpCtl.Lim.DirAct3.Hys"	
"0x230B 'Objects\TmpCtl.Lim.DirAct3.State'"	"0x8100"	"TmpCtl.Lim.DirAct3.State"	"TmpCtl.Lim.DirAct3.State"	"TmpCtl.Lim.DirAct3.State"	"TmpCtl.Lim.DirAct3.State"	"TmpCtl.Lim.DirAct3.State"	"TmpCtl.Lim.DirAct3.State"	"TmpCtl.Lim.DirAct3.State"	"TmpCtl.Lim.DirAct3.State"	
"0x2300 'Objects\TmpCtl.Lim.RevAct1.Lim'"	"0x8100"	"TmpCtl.Lim.RevAct1.Lim"	"TmpCtl.Lim.RevAct1.Lim"	"TmpCtl.Lim.RevAct1.Lim"	"TmpCtl.Lim.RevAct1.Lim"	"TmpCtl.Lim.RevAct1.Lim"	"TmpCtl.Lim.RevAct1.Lim"	"TmpCtl.Lim.RevAct1.Lim"	"TmpCtl.Lim.RevAct1.Lim"	
"0x2300 'Objects\TmpCtl.Lim.RevAct1.Hys'"	"0x8100"	"TmpCtl.Lim.RevAct1.Hys"	"TmpCtl.Lim.RevAct1.Hys"	"TmpCtl.Lim.RevAct1.Hys"	"TmpCtl.Lim.RevAct1.Hys"	"TmpCtl.Lim.RevAct1.Hys"	"TmpCtl.Lim.RevAct1.Hys"	"TmpCtl.Lim.RevAct1.Hys"	"TmpCtl.Lim.RevAct1.Hys"	
"0x230B 'Objects\TmpCtl.Lim.RevAct1.State'"	"0x8100"	"TmpCtl.Lim.RevAct1.State"	"TmpCtl.Lim.RevAct1.State"	"TmpCtl.Lim.RevAct1.State"	"TmpCtl.Lim.RevAct1.State"	"TmpCtl.Lim.RevAct1.State"	"TmpCtl.Lim.RevAct1.State"	"TmpCtl.Lim.RevAct1.State"	"TmpCtl.Lim.RevAct1.State"	
"0x2300 'Objects\TmpCtl.Lim.RevAct2.Lim'"	"0x8100"	"TmpCtl.Lim.RevAct2.Lim"	"TmpCtl.Lim.RevAct2.Lim"	"TmpCtl.Lim.RevAct2.Lim"	"TmpCtl.Lim.RevAct2.Lim"	"TmpCtl.Lim.RevAct2.Lim"	"TmpCtl.Lim.RevAct2.Lim"	"TmpCtl.Lim.RevAct2.Lim"	"TmpCtl.Lim.RevAct2.Lim"	
"0x2300 'Objects\TmpCtl.Lim.RevAct2.Hys'"	"0x8100"	"TmpCtl.Lim.RevAct2.Hys"	"TmpCtl.Lim.RevAct2.Hys"	"TmpCtl.Lim.RevAct2.Hys"	"TmpCtl.Lim.RevAct2.Hys"	"TmpCtl.Lim.RevAct2.Hys"	"TmpCtl.Lim.RevAct2.Hys"	"TmpCtl.Lim.RevAct2.Hys"	"TmpCtl.Lim.RevAct2.Hys"	
"0x230B 'Objects\TmpCtl.Lim.RevAct2.State'"	"0x8100"	"TmpCtl.Lim.RevAct2.State"	"TmpCtl.Lim.RevAct2.State"	"TmpCtl.Lim.RevAct2.State"	"TmpCtl.Lim.RevAct2.State"	"TmpCtl.Lim.RevAct2.State"	"TmpCtl.Lim.RevAct2.State"	"TmpCtl.Lim.RevAct2.State"	"TmpCtl.Lim.RevAct2.State"	
"0x2300 'Objects\TmpCtl.Lim.RevAct3.Lim'"	"0x8100"	"TmpCtl.Lim.RevAct3.Lim"	"TmpCtl.Lim.RevAct3.Lim"	"TmpCtl.Lim.RevAct3.Lim"	"TmpCtl.Lim.RevAct3.Lim"	"TmpCtl.Lim.RevAct3.Lim"	"TmpCtl.Lim.RevAct3.Lim"	"TmpCtl.Lim.RevAct3.Lim"	"TmpCtl.Lim.RevAct3.Lim"	
"0x2300 'Objects\TmpCtl.Lim.RevAct3.Hys'"	"0x8100"	"TmpCtl.Lim.RevAct3.Hys"	"TmpCtl.Lim.RevAct3.Hys"	"TmpCtl.Lim.RevAct3.Hys"	"TmpCtl.Lim.RevAct3.Hys"	"TmpCtl.Lim.RevAct3.Hys"	"TmpCtl.Lim.RevAct3.Hys"	"TmpCtl.Lim.RevAct3.Hys"	"TmpCtl.Lim.RevAct3.Hys"	
"0x230B 'Objects\TmpCtl.Lim.RevAct3.State'"	"0x8100"	"TmpCtl.Lim.RevAct3.State"	"TmpCtl.Lim.RevAct3.State"	"TmpCtl.Lim.RevAct3.State"	"TmpCtl.Lim.RevAct3.State"	"TmpCtl.Lim.RevAct3.State"	"TmpCtl.Lim.RevAct3.State"	"TmpCtl.Lim.RevAct3.State"	"TmpCtl.Lim.RevAct3.State"	
"0x230A 'Objects\TmpCtl.Lim.DtDirRevS1'"	"0x8100"	"TmpCtl.Lim.DtDirRevS1"	"TmpCtl.Lim.DtDirRevS1"	"TmpCtl.Lim.DtDirRevS1"	"TmpCtl.Lim.DtDirRevS1"	"TmpCtl.Lim.DtDirRevS1"	"TmpCtl.Lim.DtDirRevS1"	"TmpCtl.Lim.DtDirRevS1"	"TmpCtl.Lim.DtDirRevS1"	
"0x230A 'Objects\TmpCtl.Lim.DirAct1Lim'"	"0x8100"	"TmpCtl.Lim.DirAct1Lim"	"TmpCtl.Lim.DirAct1Lim"	"TmpCtl.Lim.DirAct1Lim"	"TmpCtl.Lim.DirAct1Lim"	"TmpCtl.Lim.DirAct1Lim"	"TmpCtl.Lim.DirAct1Lim"	"TmpCtl.Lim.DirAct1Lim"	"TmpCtl.Lim.DirAct1Lim"	
"0x230A 'Objects\TmpCtl.Lim.DirAct2Lim'"	"0x8100"	"TmpCtl.Lim.DirAct2Lim"	"TmpCtl.Lim.DirAct2Lim"	"TmpCtl.Lim.DirAct2Lim"	"TmpCtl.Lim.DirAct2Lim"	"TmpCtl.Lim.DirAct2Lim"	"TmpCtl.Lim.DirAct2Lim"	"TmpCtl.Lim.DirAct2Lim"	"TmpCtl.Lim.DirAct2Lim"	
"0x230A 'Objects\TmpCtl.Lim.DirAct3Lim'"	"0x8100"	"TmpCtl.Lim.DirAct3Lim"	"TmpCtl.Lim.DirAct3Lim"	"TmpCtl.Lim.DirAct3Lim"	"TmpCtl.Lim.DirAct3Lim"	"TmpCtl.Lim.DirAct3Lim"	"TmpCtl.Lim.DirAct3Lim"	"TmpCtl.Lim.DirAct3Lim"	"TmpCtl.Lim.DirAct3Lim"	
"0x230A 'Objects\TmpCtl.Lim.RevAct1Lim'"	"0x8100"	"TmpCtl.Lim.RevAct1Lim"	"TmpCtl.Lim.RevAct1Lim"	"TmpCtl.Lim.RevAct1Lim"	"TmpCtl.Lim.RevAct1Lim"	"TmpCtl.Lim.RevAct1Lim"	"TmpCtl.Lim.RevAct1Lim"	"TmpCtl.Lim.RevAct1Lim"	"TmpCtl.Lim.RevAct1Lim"	
"0x230A 'Objects\TmpCtl.Lim.RevAct2Lim'"	"0x8100"	"TmpCtl.Lim.RevAct2Lim"	"TmpCtl.Lim.RevAct2Lim"	"TmpCtl.Lim.RevAct2Lim"	"TmpCtl.Lim.RevAct2Lim"	"TmpCtl.Lim.RevAct2Lim"	"TmpCtl.Lim.RevAct2Lim"	"TmpCtl.Lim.RevAct2Lim"	"TmpCtl.Lim.RevAct2Lim"	
"0x230A 'Objects\TmpCtl.Lim.RevAct3Lim'"	"0x8100"	"TmpCtl.Lim.RevAct3Lim"	"TmpCtl.Lim.RevAct3Lim"	"TmpCtl.Lim.RevAct3Lim"	"TmpCtl.Lim.RevAct3Lim"	"TmpCtl.Lim.RevAct3Lim"	"TmpCtl.Lim.RevAct3Lim"	"TmpCtl.Lim.RevAct3Lim"	"TmpCtl.Lim.RevAct3Lim"	
"0x2302 'Objects\TmpCtl.Lim.DirAct1En'"	"0x8100"	"TmpCtl.Lim.DirAct1En"	"TmpCtl.Lim.DirAct1En"	"TmpCtl.Lim.DirAct1En"	"TmpCtl.Lim.DirAct1En"	"TmpCtl.Lim.DirAct1En"	"TmpCtl.Lim.DirAct1En"	"TmpCtl.Lim.DirAct1En"	"TmpCtl.Lim.DirAct1En"	
"0x2302 'Objects\TmpCtl.Lim.DirAct2En'"	"0x8100"	"TmpCtl.Lim.DirAct2En"	"TmpCtl.Lim.DirAct2En"	"TmpCtl.Lim.DirAct2En"	"TmpCtl.Lim.DirAct2En"	"TmpCtl.Lim.DirAct2En"	"TmpCtl.Lim.DirAct2En"	"TmpCtl.Lim.DirAct2En"	"TmpCtl.Lim.DirAct2En"	
"0x2302 'Objects\TmpCtl.Lim.DirAct3En'"	"0x8100"	"TmpCtl.Lim.DirAct3En"	"TmpCtl.Lim.DirAct3En"	"TmpCtl.Lim.DirAct3En"	"TmpCtl.Lim.DirAct3En"	"TmpCtl.Lim.DirAct3En"	"TmpCtl.Lim.DirAct3En"	"TmpCtl.Lim.DirAct3En"	"TmpCtl.Lim.DirAct3En"	
"0x2302 'Objects\TmpCtl.Lim.RevAct1En'"	"0x8100"	"TmpCtl.Lim.RevAct1En"	"TmpCtl.Lim.RevAct1En"	"TmpCtl.Lim.RevAct1En"	"TmpCtl.Lim.RevAct1En"	"TmpCtl.Lim.RevAct1En"	"TmpCtl.Lim.RevAct1En"	"TmpCtl.Lim.RevAct1En"	"TmpCtl.Lim.RevAct1En"	
"0x2302 'Objects\TmpCtl.Lim.RevAct2En'"	"0x8100"	"TmpCtl.Lim.RevAct2En"	"TmpCtl.Lim.RevAct2En"	"TmpCtl.Lim.RevAct2En"	"TmpCtl.Lim.RevAct2En"	"TmpCtl.Lim.RevAct2En"	"TmpCtl.Lim.RevAct2En"	"TmpCtl.Lim.RevAct2En"	"TmpCtl.Lim.RevAct2En"	
"0x2302 'Objects\TmpCtl.Lim.RevAct3En'"	"0x8100"	"TmpCtl.Lim.RevAct3En"	"TmpCtl.Lim.RevAct3En"	"TmpCtl.Lim.RevAct3En"	"TmpCtl.Lim.RevAct3En"	"TmpCtl.Lim.RevAct3En"	"TmpCtl.Lim.RevAct3En"	"TmpCtl.Lim.RevAct3En"	"TmpCtl.Lim.RevAct3En"	
"0x2300 'Objects\TmpCtl.Seq.RevAct1.XP'"	"0x8100"	"TmpCtl.Seq.RevAct1.XP"	"TmpCtl.Seq.RevAct1.XP"	"TmpCtl.Seq.RevAct1.XP"	"TmpCtl.Seq.RevAct1.XP"	"TmpCtl.Seq.RevAct1.XP"	"TmpCtl.Seq.RevAct1.XP"	"TmpCtl.Seq.RevAct1.XP"	"TmpCtl.Seq.RevAct1.XP"	
"0x2300 'Objects\TmpCtl.Seq.RevAct1.TI'"	"0x8100"	"TmpCtl.Seq.RevAct1.TI"	"TmpCtl.Seq.RevAct1.TI"	"TmpCtl.Seq.RevAct1.TI"	"TmpCtl.Seq.RevAct1.TI"	"TmpCtl.Seq.RevAct1.TI"	"TmpCtl.Seq.RevAct1.TI"	"TmpCtl.Seq.RevAct1.TI"	"TmpCtl.Seq.RevAct1.TI"	
"0x2300 'Objects\TmpCtl.Seq.RevAct1.TD'"	"0x8100"	"TmpCtl.Seq.RevAct1.TD"	"TmpCtl.Seq.RevAct1.TD"	"TmpCtl.Seq.RevAct1.TD"	"TmpCtl.Seq.RevAct1.TD"	"TmpCtl.Seq.RevAct1.TD"	"TmpCtl.Seq.RevAct1.TD"	"TmpCtl.Seq.RevAct1.TD"	"TmpCtl.Seq.RevAct1.TD"	
"0x2300 'Objects\TmpCtl.Seq.RevAct1.Nz'"	"0x8100"	"TmpCtl.Seq.RevAct1.Nz"	"TmpCtl.Seq.RevAct1.Nz"	"TmpCtl.Seq.RevAct1.Nz"	"TmpCtl.Seq.RevAct1.Nz"	"TmpCtl.Seq.RevAct1.Nz"	"TmpCtl.Seq.RevAct1.Nz"	"TmpCtl.Seq.RevAct1.Nz"	"TmpCtl.Seq.RevAct1.Nz"	
"0x2300 'Objects\TmpCtl.Seq.RevAct1.DvnLim'"	"0x8100"	"TmpCtl.Seq.RevAct1.DvnLim"	"TmpCtl.Seq.RevAct1.DvnLim"	"TmpCtl.Seq.RevAct1.DvnLim"	"TmpCtl.Seq.RevAct1.DvnLim"	"TmpCtl.Seq.RevAct1.DvnLim"	"TmpCtl.Seq.RevAct1.DvnLim"	"TmpCtl.Seq.RevAct1.DvnLim"	"TmpCtl.Seq.RevAct1.DvnLim"	
"0x230B 'Objects\TmpCtl.Seq.RevAct1.Mode'"	"0x8100"	"TmpCtl.Seq.RevAct1.Mode"	"TmpCtl.Seq.RevAct1.Mode"	"TmpCtl.Seq.RevAct1.Mode"	"TmpCtl.Seq.RevAct1.Mode"	"TmpCtl.Seq.RevAct1.Mode"	"TmpCtl.Seq.RevAct1.Mode"	"TmpCtl.Seq.RevAct1.Mode"	"TmpCtl.Seq.RevAct1.Mode"	
"0x230A 'Objects\TmpCtl.Seq.RevAct1.Pos'"	"0x8100"	"TmpCtl.Seq.RevAct1.Pos"	"TmpCtl.Seq.RevAct1.Pos"	"TmpCtl.Seq.RevAct1.Pos"	"TmpCtl.Seq.RevAct1.Pos"	"TmpCtl.Seq.RevAct1.Pos"	"TmpCtl.Seq.RevAct1.Pos"	"TmpCtl.Seq.RevAct1.Pos"	"TmpCtl.Seq.RevAct1.Pos"	
"0x230B 'Objects\TmpCtl.Seq.RevAct1.State'"	"0x8100"	"TmpCtl.Seq.RevAct1.State"	"TmpCtl.Seq.RevAct1.State"	"TmpCtl.Seq.RevAct1.State"	"TmpCtl.Seq.RevAct1.State"	"TmpCtl.Seq.RevAct1.State"	"TmpCtl.Seq.RevAct1.State"	"TmpCtl.Seq.RevAct1.State"	"TmpCtl.Seq.RevAct1.State"	
"0x2300 'Objects\TmpCtl.Seq.RevAct2.XP'"	"0x8100"	"TmpCtl.Seq.RevAct2.XP"	"TmpCtl.Seq.RevAct2.XP"	"TmpCtl.Seq.RevAct2.XP"	"TmpCtl.Seq.RevAct2.XP"	"TmpCtl.Seq.RevAct2.XP"	"TmpCtl.Seq.RevAct2.XP"	"TmpCtl.Seq.RevAct2.XP"	"TmpCtl.Seq.RevAct2.XP"	
"0x2300 'Objects\TmpCtl.Seq.RevAct2.TI'"	"0x8100"	"TmpCtl.Seq.RevAct2.TI"	"TmpCtl.Seq.RevAct2.TI"	"TmpCtl.Seq.RevAct2.TI"	"TmpCtl.Seq.RevAct2.TI"	"TmpCtl.Seq.RevAct2.TI"	"TmpCtl.Seq.RevAct2.TI"	"TmpCtl.Seq.RevAct2.TI"	"TmpCtl.Seq.RevAct2.TI"	
"0x2300 'Objects\TmpCtl.Seq.RevAct2.TD'"	"0x8100"	"TmpCtl.Seq.RevAct2.TD"	"TmpCtl.Seq.RevAct2.TD"	"TmpCtl.Seq.RevAct2.TD"	"TmpCtl.Seq.RevAct2.TD"	"TmpCtl.Seq.RevAct2.TD"	"TmpCtl.Seq.RevAct2.TD"	"TmpCtl.Seq.RevAct2.TD"	"TmpCtl.Seq.RevAct2.TD"	
"0x2300 'Objects\TmpCtl.Seq.RevAct2.Nz'"	"0x8100"	"TmpCtl.Seq.RevAct2.Nz"	"TmpCtl.Seq.RevAct2.Nz"	"TmpCtl.Seq.RevAct2.Nz"	"TmpCtl.Seq.RevAct2.Nz"	"TmpCtl.Seq.RevAct2.Nz"	"TmpCtl.Seq.RevAct2.Nz"	"TmpCtl.Seq.RevAct2.Nz"	"TmpCtl.Seq.RevAct2.Nz"	
"0x2300 'Objects\TmpCtl.Seq.RevAct2.DvnLim'"	"0x8100"	"TmpCtl.Seq.RevAct2.DvnLim"	"TmpCtl.Seq.RevAct2.DvnLim"	"TmpCtl.Seq.RevAct2.DvnLim"	"TmpCtl.Seq.RevAct2.DvnLim"	"TmpCtl.Seq.RevAct2.DvnLim"	"TmpCtl.Seq.RevAct2.DvnLim"	"TmpCtl.Seq.RevAct2.DvnLim"	"TmpCtl.Seq.RevAct2.DvnLim"	
"0x230B 'Objects\TmpCtl.Seq.RevAct2.Mode'"	"0x8100"	"TmpCtl.Seq.RevAct2.Mode"	"TmpCtl.Seq.RevAct2.Mode"	"TmpCtl.Seq.RevAct2.Mode"	"TmpCtl.Seq.RevAct2.Mode"	"TmpCtl.Seq.RevAct2.Mode"	"TmpCtl.Seq.RevAct2.Mode"	"TmpCtl.Seq.RevAct2.Mode"	"TmpCtl.Seq.RevAct2.Mode"	
"0x230A 'Objects\TmpCtl.Seq.RevAct2.Pos'"	"0x8100"	"TmpCtl.Seq.RevAct2.Pos"	"TmpCtl.Seq.RevAct2.Pos"	"TmpCtl.Seq.RevAct2.Pos"	"TmpCtl.Seq.RevAct2.Pos"	"TmpCtl.Seq.RevAct2.Pos"	"TmpCtl.Seq.RevAct2.Pos"	"TmpCtl.Seq.RevAct2.Pos"	"TmpCtl.Seq.RevAct2.Pos"	
"0x230B 'Objects\TmpCtl.Seq.RevAct2.State'"	"0x8100"	"TmpCtl.Seq.RevAct2.State"	"TmpCtl.Seq.RevAct2.State"	"TmpCtl.Seq.RevAct2.State"	"TmpCtl.Seq.RevAct2.State"	"TmpCtl.Seq.RevAct2.State"	"TmpCtl.Seq.RevAct2.State"	"TmpCtl.Seq.RevAct2.State"	"TmpCtl.Seq.RevAct2.State"	
"0x2300 'Objects\TmpCtl.Seq.RevAct3.XP'"	"0x8100"	"TmpCtl.Seq.RevAct3.XP"	"TmpCtl.Seq.RevAct3.XP"	"TmpCtl.Seq.RevAct3.XP"	"TmpCtl.Seq.RevAct3.XP"	"TmpCtl.Seq.RevAct3.XP"	"TmpCtl.Seq.RevAct3.XP"	"TmpCtl.Seq.RevAct3.XP"	"TmpCtl.Seq.RevAct3.XP"	
"0x2300 'Objects\TmpCtl.Seq.RevAct3.TI'"	"0x8100"	"TmpCtl.Seq.RevAct3.TI"	"TmpCtl.Seq.RevAct3.TI"	"TmpCtl.Seq.RevAct3.TI"	"TmpCtl.Seq.RevAct3.TI"	"TmpCtl.Seq.RevAct3.TI"	"TmpCtl.Seq.RevAct3.TI"	"TmpCtl.Seq.RevAct3.TI"	"TmpCtl.Seq.RevAct3.TI"	
"0x2300 'Objects\TmpCtl.Seq.RevAct3.TD'"	"0x8100"	"TmpCtl.Seq.RevAct3.TD"	"TmpCtl.Seq.RevAct3.TD"	"TmpCtl.Seq.RevAct3.TD"	"TmpCtl.Seq.RevAct3.TD"	"TmpCtl.Seq.RevAct3.TD"	"TmpCtl.Seq.RevAct3.TD"	"TmpCtl.Seq.RevAct3.TD"	"TmpCtl.Seq.RevAct3.TD"	
"0x2300 'Objects\TmpCtl.Seq.RevAct3.Nz'"	"0x8100"	"TmpCtl.Seq.RevAct3.Nz"	"TmpCtl.Seq.RevAct3.Nz"	"TmpCtl.Seq.RevAct3.Nz"	"TmpCtl.Seq.RevAct3.Nz"	"TmpCtl.Seq.RevAct3.Nz"	"TmpCtl.Seq.RevAct3.Nz"	"TmpCtl.Seq.RevAct3.Nz"	"TmpCtl.Seq.RevAct3.Nz"	
"0x2300 'Objects\TmpCtl.Seq.RevAct3.DvnLim'"	"0x8100"	"TmpCtl.Seq.RevAct3.DvnLim"	"TmpCtl.Seq.RevAct3.DvnLim"	"TmpCtl.Seq.RevAct3.DvnLim"	"TmpCtl.Seq.RevAct3.DvnLim"	"TmpCtl.Seq.RevAct3.DvnLim"	"TmpCtl.Seq.RevAct3.DvnLim"	"TmpCtl.Seq.RevAct3.DvnLim"	"TmpCtl.Seq.RevAct3.DvnLim"	
"0x230B 'Objects\TmpCtl.Seq.RevAct3.Mode'"	"0x8100"	"TmpCtl.Seq.RevAct3.Mode"	"TmpCtl.Seq.RevAct3.Mode"	"TmpCtl.Seq.RevAct3.Mode"	"TmpCtl.Seq.RevAct3.Mode"	"TmpCtl.Seq.RevAct3.Mode"	"TmpCtl.Seq.RevAct3.Mode"	"TmpCtl.Seq.RevAct3.Mode"	"TmpCtl.Seq.RevAct3.Mode"	
"0x230A 'Objects\TmpCtl.Seq.RevAct3.Pos'"	"0x8100"	"TmpCtl.Seq.RevAct3.Pos"	"TmpCtl.Seq.RevAct3.Pos"	"TmpCtl.Seq.RevAct3.Pos"	"TmpCtl.Seq.RevAct3.Pos"	"TmpCtl.Seq.RevAct3.Pos"	"TmpCtl.Seq.RevAct3.Pos"	"TmpCtl.Seq.RevAct3.Pos"	"TmpCtl.Seq.RevAct3.Pos"	
"0x230B 'Objects\TmpCtl.Seq.RevAct3.State'"	"0x8100"	"TmpCtl.Seq.RevAct3.State"	"TmpCtl.Seq.RevAct3.State"	"TmpCtl.Seq.RevAct3.State"	"TmpCtl.Seq.RevAct3.State"	"TmpCtl.Seq.RevAct3.State"	"TmpCtl.Seq.RevAct3.State"	"TmpCtl.Seq.RevAct3.State"	"TmpCtl.Seq.RevAct3.State"	
"0x2300 'Objects\TmpCtl.Seq.DirAct1.XP'"	"0x8100"	"TmpCtl.Seq.DirAct1.XP"	"TmpCtl.Seq.DirAct1.XP"	"TmpCtl.Seq.DirAct1.XP"	"TmpCtl.Seq.DirAct1.XP"	"TmpCtl.Seq.DirAct1.XP"	"TmpCtl.Seq.DirAct1.XP"	"TmpCtl.Seq.DirAct1.XP"	"TmpCtl.Seq.DirAct1.XP"	
"0x2300 'Objects\TmpCtl.Seq.DirAct1.TI'"	"0x8100"	"TmpCtl.Seq.DirAct1.TI"	"TmpCtl.Seq.DirAct1.TI"	"TmpCtl.Seq.DirAct1.TI"	"TmpCtl.Seq.DirAct1.TI"	"TmpCtl.Seq.DirAct1.TI"	"TmpCtl.Seq.DirAct1.TI"	"TmpCtl.Seq.DirAct1.TI"	"TmpCtl.Seq.DirAct1.TI"	
"0x2300 'Objects\TmpCtl.Seq.DirAct1.TD'"	"0x8100"	"TmpCtl.Seq.DirAct1.TD"	"TmpCtl.Seq.DirAct1.TD"	"TmpCtl.Seq.DirAct1.TD"	"TmpCtl.Seq.DirAct1.TD"	"TmpCtl.Seq.DirAct1.TD"	"TmpCtl.Seq.DirAct1.TD"	"TmpCtl.Seq.DirAct1.TD"	"TmpCtl.Seq.DirAct1.TD"	
"0x2300 'Objects\TmpCtl.Seq.DirAct1.Nz'"	"0x8100"	"TmpCtl.Seq.DirAct1.Nz"	"TmpCtl.Seq.DirAct1.Nz"	"TmpCtl.Seq.DirAct1.Nz"	"TmpCtl.Seq.DirAct1.Nz"	"TmpCtl.Seq.DirAct1.Nz"	"TmpCtl.Seq.DirAct1.Nz"	"TmpCtl.Seq.DirAct1.Nz"	"TmpCtl.Seq.DirAct1.Nz"	
"0x2300 'Objects\TmpCtl.Seq.DirAct1.DvnLim'"	"0x8100"	"TmpCtl.Seq.DirAct1.DvnLim"	"TmpCtl.Seq.DirAct1.DvnLim"	"TmpCtl.Seq.DirAct1.DvnLim"	"TmpCtl.Seq.DirAct1.DvnLim"	"TmpCtl.Seq.DirAct1.DvnLim"	"TmpCtl.Seq.DirAct1.DvnLim"	"TmpCtl.Seq.DirAct1.DvnLim"	"TmpCtl.Seq.DirAct1.DvnLim"	
"0x230B 'Objects\TmpCtl.Seq.DirAct1.Mode'"	"0x8100"	"TmpCtl.Seq.DirAct1.Mode"	"TmpCtl.Seq.DirAct1.Mode"	"TmpCtl.Seq.DirAct1.Mode"	"TmpCtl.Seq.DirAct1.Mode"	"TmpCtl.Seq.DirAct1.Mode"	"TmpCtl.Seq.DirAct1.Mode"	"TmpCtl.Seq.DirAct1.Mode"	"TmpCtl.Seq.DirAct1.Mode"	
"0x230A 'Objects\TmpCtl.Seq.DirAct1.Pos'"	"0x8100"	"TmpCtl.Seq.DirAct1.Pos"	"TmpCtl.Seq.DirAct1.Pos"	"TmpCtl.Seq.DirAct1.Pos"	"TmpCtl.Seq.DirAct1.Pos"	"TmpCtl.Seq.DirAct1.Pos"	"TmpCtl.Seq.DirAct1.Pos"	"TmpCtl.Seq.DirAct1.Pos"	"TmpCtl.Seq.DirAct1.Pos"	
"0x230B 'Objects\TmpCtl.Seq.DirAct1.State'"	"0x8100"	"TmpCtl.Seq.DirAct1.State"	"TmpCtl.Seq.DirAct1.State"	"TmpCtl.Seq.DirAct1.State"	"TmpCtl.Seq.DirAct1.State"	"TmpCtl.Seq.DirAct1.State"	"TmpCtl.Seq.DirAct1.State"	"TmpCtl.Seq.DirAct1.State"	"TmpCtl.Seq.DirAct1.State"	
"0x2300 'Objects\TmpCtl.Seq.DirAct2.XP'"	"0x8100"	"TmpCtl.Seq.DirAct2.XP"	"TmpCtl.Seq.DirAct2.XP"	"TmpCtl.Seq.DirAct2.XP"	"TmpCtl.Seq.DirAct2.XP"	"TmpCtl.Seq.DirAct2.XP"	"TmpCtl.Seq.DirAct2.XP"	"TmpCtl.Seq.DirAct2.XP"	"TmpCtl.Seq.DirAct2.XP"	
"0x2300 'Objects\TmpCtl.Seq.DirAct2.TI'"	"0x8100"	"TmpCtl.Seq.DirAct2.TI"	"TmpCtl.Seq.DirAct2.TI"	"TmpCtl.Seq.DirAct2.TI"	"TmpCtl.Seq.DirAct2.TI"	"TmpCtl.Seq.DirAct2.TI"	"TmpCtl.Seq.DirAct2.TI"	"TmpCtl.Seq.DirAct2.TI"	"TmpCtl.Seq.DirAct2.TI"	
"0x2300 'Objects\TmpCtl.Seq.DirAct2.TD'"	"0x8100"	"TmpCtl.Seq.DirAct2.TD"	"TmpCtl.Seq.DirAct2.TD"	"TmpCtl.Seq.DirAct2.TD"	"TmpCtl.Seq.DirAct2.TD"	"TmpCtl.Seq.DirAct2.TD"	"TmpCtl.Seq.DirAct2.TD"	"TmpCtl.Seq.DirAct2.TD"	"TmpCtl.Seq.DirAct2.TD"	
"0x2300 'Objects\TmpCtl.Seq.DirAct2.Nz'"	"0x8100"	"TmpCtl.Seq.DirAct2.Nz"	"TmpCtl.Seq.DirAct2.Nz"	"TmpCtl.Seq.DirAct2.Nz"	"TmpCtl.Seq.DirAct2.Nz"	"TmpCtl.Seq.DirAct2.Nz"	"TmpCtl.Seq.DirAct2.Nz"	"TmpCtl.Seq.DirAct2.Nz"	"TmpCtl.Seq.DirAct2.Nz"	
"0x2300 'Objects\TmpCtl.Seq.DirAct2.DvnLim'"	"0x8100"	"TmpCtl.Seq.DirAct2.DvnLim"	"TmpCtl.Seq.DirAct2.DvnLim"	"TmpCtl.Seq.DirAct2.DvnLim"	"TmpCtl.Seq.DirAct2.DvnLim"	"TmpCtl.Seq.DirAct2.DvnLim"	"TmpCtl.Seq.DirAct2.DvnLim"	"TmpCtl.Seq.DirAct2.DvnLim"	"TmpCtl.Seq.DirAct2.DvnLim"	
"0x230B 'Objects\TmpCtl.Seq.DirAct2.Mode'"	"0x8100"	"TmpCtl.Seq.DirAct2.Mode"	"TmpCtl.Seq.DirAct2.Mode"	"TmpCtl.Seq.DirAct2.Mode"	"TmpCtl.Seq.DirAct2.Mode"	"TmpCtl.Seq.DirAct2.Mode"	"TmpCtl.Seq.DirAct2.Mode"	"TmpCtl.Seq.DirAct2.Mode"	"TmpCtl.Seq.DirAct2.Mode"	
"0x230A 'Objects\TmpCtl.Seq.DirAct2.Pos'"	"0x8100"	"TmpCtl.Seq.DirAct2.Pos"	"TmpCtl.Seq.DirAct2.Pos"	"TmpCtl.Seq.DirAct2.Pos"	"TmpCtl.Seq.DirAct2.Pos"	"TmpCtl.Seq.DirAct2.Pos"	"TmpCtl.Seq.DirAct2.Pos"	"TmpCtl.Seq.DirAct2.Pos"	"TmpCtl.Seq.DirAct2.Pos"	
"0x230B 'Objects\TmpCtl.Seq.DirAct2.State'"	"0x8100"	"TmpCtl.Seq.DirAct2.State"	"TmpCtl.Seq.DirAct2.State"	"TmpCtl.Seq.DirAct2.State"	"TmpCtl.Seq.DirAct2.State"	"TmpCtl.Seq.DirAct2.State"	"TmpCtl.Seq.DirAct2.State"	"TmpCtl.Seq.DirAct2.State"	"TmpCtl.Seq.DirAct2.State"	
"0x2300 'Objects\TmpCtl.Seq.DirAct3.XP'"	"0x8100"	"TmpCtl.Seq.DirAct3.XP"	"TmpCtl.Seq.DirAct3.XP"	"TmpCtl.Seq.DirAct3.XP"	"TmpCtl.Seq.DirAct3.XP"	"TmpCtl.Seq.DirAct3.XP"	"TmpCtl.Seq.DirAct3.XP"	"TmpCtl.Seq.DirAct3.XP"	"TmpCtl.Seq.DirAct3.XP"	
"0x2300 'Objects\TmpCtl.Seq.DirAct3.TI'"	"0x8100"	"TmpCtl.Seq.DirAct3.TI"	"TmpCtl.Seq.DirAct3.TI"	"TmpCtl.Seq.DirAct3.TI"	"TmpCtl.Seq.DirAct3.TI"	"TmpCtl.Seq.DirAct3.TI"	"TmpCtl.Seq.DirAct3.TI"	"TmpCtl.Seq.DirAct3.TI"	"TmpCtl.Seq.DirAct3.TI"	
"0x2300 'Objects\TmpCtl.Seq.DirAct3.TD'"	"0x8100"	"TmpCtl.Seq.DirAct3.TD"	"TmpCtl.Seq.DirAct3.TD"	"TmpCtl.Seq.DirAct3.TD"	"TmpCtl.Seq.DirAct3.TD"	"TmpCtl.Seq.DirAct3.TD"	"TmpCtl.Seq.DirAct3.TD"	"TmpCtl.Seq.DirAct3.TD"	"TmpCtl.Seq.DirAct3.TD"	
"0x2300 'Objects\TmpCtl.Seq.DirAct3.Nz'"	"0x8100"	"TmpCtl.Seq.DirAct3.Nz"	"TmpCtl.Seq.DirAct3.Nz"	"TmpCtl.Seq.DirAct3.Nz"	"TmpCtl.Seq.DirAct3.Nz"	"TmpCtl.Seq.DirAct3.Nz"	"TmpCtl.Seq.DirAct3.Nz"	"TmpCtl.Seq.DirAct3.Nz"	"TmpCtl.Seq.DirAct3.Nz"	
"0x2300 'Objects\TmpCtl.Seq.DirAct3.DvnLim'"	"0x8100"	"TmpCtl.Seq.DirAct3.DvnLim"	"TmpCtl.Seq.DirAct3.DvnLim"	"TmpCtl.Seq.DirAct3.DvnLim"	"TmpCtl.Seq.DirAct3.DvnLim"	"TmpCtl.Seq.DirAct3.DvnLim"	"TmpCtl.Seq.DirAct3.DvnLim"	"TmpCtl.Seq.DirAct3.DvnLim"	"TmpCtl.Seq.DirAct3.DvnLim"	
"0x230B 'Objects\TmpCtl.Seq.DirAct3.Mode'"	"0x8100"	"TmpCtl.Seq.DirAct3.Mode"	"TmpCtl.Seq.DirAct3.Mode"	"TmpCtl.Seq.DirAct3.Mode"	"TmpCtl.Seq.DirAct3.Mode"	"TmpCtl.Seq.DirAct3.Mode"	"TmpCtl.Seq.DirAct3.Mode"	"TmpCtl.Seq.DirAct3.Mode"	"TmpCtl.Seq.DirAct3.Mode"	
"0x230A 'Objects\TmpCtl.Seq.DirAct3.Pos'"	"0x8100"	"TmpCtl.Seq.DirAct3.Pos"	"TmpCtl.Seq.DirAct3.Pos"	"TmpCtl.Seq.DirAct3.Pos"	"TmpCtl.Seq.DirAct3.Pos"	"TmpCtl.Seq.DirAct3.Pos"	"TmpCtl.Seq.DirAct3.Pos"	"TmpCtl.Seq.DirAct3.Pos"	"TmpCtl.Seq.DirAct3.Pos"	
"0x230B 'Objects\TmpCtl.Seq.DirAct3.State'"	"0x8100"	"TmpCtl.Seq.DirAct3.State"	"TmpCtl.Seq.DirAct3.State"	"TmpCtl.Seq.DirAct3.State"	"TmpCtl.Seq.DirAct3.State"	"TmpCtl.Seq.DirAct3.State"	"TmpCtl.Seq.DirAct3.State"	"TmpCtl.Seq.DirAct3.State"	"TmpCtl.Seq.DirAct3.State"	
"0x2304 'Objects\TmpCtl.Room.Discr'"	"0x8100"	"TmpCtl.Room.Discr"	"TmpCtl.Room.Discr"	"TmpCtl.Room.Discr"	"TmpCtl.Room.Discr"	"TmpCtl.Room.Discr"	"TmpCtl.Room.Discr"	"TmpCtl.Room.Discr"	"TmpCtl.Room.Discr"	
"0x2300 'Objects\TmpCtl.Room.SpComfHe'"	"0x8100"	"TmpCtl.Room.SpComfHe"	"TmpCtl.Room.SpComfHe"	"TmpCtl.Room.SpComfHe"	"TmpCtl.Room.SpComfHe"	"TmpCtl.Room.SpComfHe"	"TmpCtl.Room.SpComfHe"	"TmpCtl.Room.SpComfHe"	"TmpCtl.Room.SpComfHe"	
"0x2300 'Objects\TmpCtl.Room.SpComfCo'"	"0x8100"	"TmpCtl.Room.SpComfCo"	"TmpCtl.Room.SpComfCo"	"TmpCtl.Room.SpComfCo"	"TmpCtl.Room.SpComfCo"	"TmpCtl.Room.SpComfCo"	"TmpCtl.Room.SpComfCo"	"TmpCtl.Room.SpComfCo"	"TmpCtl.Room.SpComfCo"	
"0x2300 'Objects\TmpCtl.Room.SpEcoHe'"	"0x8100"	"TmpCtl.Room.SpEcoHe"	"TmpCtl.Room.SpEcoHe"	"TmpCtl.Room.SpEcoHe"	"TmpCtl.Room.SpEcoHe"	"TmpCtl.Room.SpEcoHe"	"TmpCtl.Room.SpEcoHe"	"TmpCtl.Room.SpEcoHe"	"TmpCtl.Room.SpEcoHe"	
"0x2300 'Objects\TmpCtl.Room.SpEcoCo'"	"0x8100"	"TmpCtl.Room.SpEcoCo"	"TmpCtl.Room.SpEcoCo"	"TmpCtl.Room.SpEcoCo"	"TmpCtl.Room.SpEcoCo"	"TmpCtl.Room.SpEcoCo"	"TmpCtl.Room.SpEcoCo"	"TmpCtl.Room.SpEcoCo"	"TmpCtl.Room.SpEcoCo"	
"0x230A 'Objects\TmpCtl.Room.SpCool'"	"0x8100"	"TmpCtl.Room.SpCool"	"TmpCtl.Room.SpCool"	"TmpCtl.Room.SpCool"	"TmpCtl.Room.SpCool"	"TmpCtl.Room.SpCool"	"TmpCtl.Room.SpCool"	"TmpCtl.Room.SpCool"	"TmpCtl.Room.SpCool"	
"0x230A 'Objects\TmpCtl.Room.SpHeat'"	"0x8100"	"TmpCtl.Room.SpHeat"	"TmpCtl.Room.SpHeat"	"TmpCtl.Room.SpHeat"	"TmpCtl.Room.SpHeat"	"TmpCtl.Room.SpHeat"	"TmpCtl.Room.SpHeat"	"TmpCtl.Room.SpHeat"	"TmpCtl.Room.SpHeat"	
"0x2304 'Objects\TmpCtl.Supply.Discr'"	"0x8100"	"TmpCtl.Supply.Discr"	"TmpCtl.Supply.Discr"	"TmpCtl.Supply.Discr"	"TmpCtl.Supply.Discr"	"TmpCtl.Supply.Discr"	"TmpCtl.Supply.Discr"	"TmpCtl.Supply.Discr"	"TmpCtl.Supply.Discr"	
"0x2302 'Objects\TmpCtl.Supply.Strategy'"	"0x8100"	"TmpCtl.Supply.Strategy"	"TmpCtl.Supply.Strategy"	"TmpCtl.Supply.Strategy"	"TmpCtl.Supply.Strategy"	"TmpCtl.Supply.Strategy"	"TmpCtl.Supply.Strategy"	"TmpCtl.Supply.Strategy"	"TmpCtl.Supply.Strategy"	
"0x2300 'Objects\TmpCtl.Supply.SpToutMax'"	"0x8100"	"TmpCtl.Supply.SpToutMax"	"TmpCtl.Supply.SpToutMax"	"TmpCtl.Supply.SpToutMax"	"TmpCtl.Supply.SpToutMax"	"TmpCtl.Supply.SpToutMax"	"TmpCtl.Supply.SpToutMax"	"TmpCtl.Supply.SpToutMax"	"TmpCtl.Supply.SpToutMax"	
"0x2300 'Objects\TmpCtl.Supply.SpToutMin'"	"0x8100"	"TmpCtl.Supply.SpToutMin"	"TmpCtl.Supply.SpToutMin"	"TmpCtl.Supply.SpToutMin"	"TmpCtl.Supply.SpToutMin"	"TmpCtl.Supply.SpToutMin"	"TmpCtl.Supply.SpToutMin"	"TmpCtl.Supply.SpToutMin"	"TmpCtl.Supply.SpToutMin"	
"0x2300 'Objects\TmpCtl.Supply.SpMax'"	"0x8100"	"TmpCtl.Supply.SpMax"	"TmpCtl.Supply.SpMax"	"TmpCtl.Supply.SpMax"	"TmpCtl.Supply.SpMax"	"TmpCtl.Supply.SpMax"	"TmpCtl.Supply.SpMax"	"TmpCtl.Supply.SpMax"	"TmpCtl.Supply.SpMax"	
"0x2300 'Objects\TmpCtl.Supply.SpMin'"	"0x8100"	"TmpCtl.Supply.SpMin"	"TmpCtl.Supply.SpMin"	"TmpCtl.Supply.SpMin"	"TmpCtl.Supply.SpMin"	"TmpCtl.Supply.SpMin"	"TmpCtl.Supply.SpMin"	"TmpCtl.Supply.SpMin"	"TmpCtl.Supply.SpMin"	
"0x230A 'Objects\TmpCtl.Supply.SpCool'"	"0x8100"	"TmpCtl.Supply.SpCool"	"TmpCtl.Supply.SpCool"	"TmpCtl.Supply.SpCool"	"TmpCtl.Supply.SpCool"	"TmpCtl.Supply.SpCool"	"TmpCtl.Supply.SpCool"	"TmpCtl.Supply.SpCool"	"TmpCtl.Supply.SpCool"	
"0x230A 'Objects\TmpCtl.Supply.SpHeat'"	"0x8100"	"TmpCtl.Supply.SpHeat"	"TmpCtl.Supply.SpHeat"	"TmpCtl.Supply.SpHeat"	"TmpCtl.Supply.SpHeat"	"TmpCtl.Supply.SpHeat"	"TmpCtl.Supply.SpHeat"	"TmpCtl.Supply.SpHeat"	"TmpCtl.Supply.SpHeat"	
"0x2300 'Objects\TmpCtl.Supply.XP'"	"0x8100"	"TmpCtl.Supply.XP"	"TmpCtl.Supply.XP"	"TmpCtl.Supply.XP"	"TmpCtl.Supply.XP"	"TmpCtl.Supply.XP"	"TmpCtl.Supply.XP"	"TmpCtl.Supply.XP"	"TmpCtl.Supply.XP"	
"0x2300 'Objects\TmpCtl.Supply.TI'"	"0x8100"	"TmpCtl.Supply.TI"	"TmpCtl.Supply.TI"	"TmpCtl.Supply.TI"	"TmpCtl.Supply.TI"	"TmpCtl.Supply.TI"	"TmpCtl.Supply.TI"	"TmpCtl.Supply.TI"	"TmpCtl.Supply.TI"	
"0x2300 'Objects\TmpCtl.Supply.OFFSET'"	"0x8100"	"TmpCtl.Supply.OFFSET"	"TmpCtl.Supply.OFFSET"	"TmpCtl.Supply.OFFSET"	"TmpCtl.Supply.OFFSET"	"TmpCtl.Supply.OFFSET"	"TmpCtl.Supply.OFFSET"	"TmpCtl.Supply.OFFSET"	"TmpCtl.Supply.OFFSET"	
"0x230A 'Objects\TmpCtl.Supply.SpMinTSu'"	"0x8100"	"TmpCtl.Supply.SpMinTSu"	"TmpCtl.Supply.SpMinTSu"	"TmpCtl.Supply.SpMinTSu"	"TmpCtl.Supply.SpMinTSu"	"TmpCtl.Supply.SpMinTSu"	"TmpCtl.Supply.SpMinTSu"	"TmpCtl.Supply.SpMinTSu"	"TmpCtl.Supply.SpMinTSu"	
"0x230A 'Objects\TmpCtl.Supply.OfSetMinTSu'"	"0x8100"	"TmpCtl.Supply.OfSetMinTSu"	"TmpCtl.Supply.OfSetMinTSu"	"TmpCtl.Supply.OfSetMinTSu"	"TmpCtl.Supply.OfSetMinTSu"	"TmpCtl.Supply.OfSetMinTSu"	"TmpCtl.Supply.OfSetMinTSu"	"TmpCtl.Supply.OfSetMinTSu"	"TmpCtl.Supply.OfSetMinTSu"	
"0x230B 'Objects\TmpCtl.Supply.DeHumAct'"	"0x8100"	"TmpCtl.Supply.DeHumAct"	"TmpCtl.Supply.DeHumAct"	"TmpCtl.Supply.DeHumAct"	"TmpCtl.Supply.DeHumAct"	"TmpCtl.Supply.DeHumAct"	"TmpCtl.Supply.DeHumAct"	"TmpCtl.Supply.DeHumAct"	"TmpCtl.Supply.DeHumAct"	
"0x2302 'Objects\TmpCtl.MixBoxEn'"	"0x8100"	"TmpCtl.MixBoxEn"	"TmpCtl.MixBoxEn"	"TmpCtl.MixBoxEn"	"TmpCtl.MixBoxEn"	"TmpCtl.MixBoxEn"	"TmpCtl.MixBoxEn"	"TmpCtl.MixBoxEn"	"TmpCtl.MixBoxEn"	
"0x230A 'Objects\TmpCtl.SpSupplyCool'"	"0x8100"	"TmpCtl.SpSupplyCool"	"TmpCtl.SpSupplyCool"	"TmpCtl.SpSupplyCool"	"TmpCtl.SpSupplyCool"	"TmpCtl.SpSupplyCool"	"TmpCtl.SpSupplyCool"	"TmpCtl.SpSupplyCool"	"TmpCtl.SpSupplyCool"	
"0x230A 'Objects\TmpCtl.SpSupplyHeat'"	"0x8100"	"TmpCtl.SpSupplyHeat"	"TmpCtl.SpSupplyHeat"	"TmpCtl.SpSupplyHeat"	"TmpCtl.SpSupplyHeat"	"TmpCtl.SpSupplyHeat"	"TmpCtl.SpSupplyHeat"	"TmpCtl.SpSupplyHeat"	"TmpCtl.SpSupplyHeat"	
"0x2300 'Objects\TmpCtl.MinOutSideAir'"	"0x8100"	"TmpCtl.MinOutSideAir"	"TmpCtl.MinOutSideAir"	"TmpCtl.MinOutSideAir"	"TmpCtl.MinOutSideAir"	"TmpCtl.MinOutSideAir"	"TmpCtl.MinOutSideAir"	"TmpCtl.MinOutSideAir"	"TmpCtl.MinOutSideAir"	
"0x2300 'Objects\TmpCtl.MaxOutSideAir'"	"0x8100"	"TmpCtl.MaxOutSideAir"	"TmpCtl.MaxOutSideAir"	"TmpCtl.MaxOutSideAir"	"TmpCtl.MaxOutSideAir"	"TmpCtl.MaxOutSideAir"	"TmpCtl.MaxOutSideAir"	"TmpCtl.MaxOutSideAir"	"TmpCtl.MaxOutSideAir"	
"0x2304 'Objects\HumCtl.Discr'"	"0x8100"	"HumCtl.Discr"	"HumCtl.Discr"	"HumCtl.Discr"	"HumCtl.Discr"	"HumCtl.Discr"	"HumCtl.Discr"	"HumCtl.Discr"	"HumCtl.Discr"	
"0x230A 'Objects\HumCtl.Tsupply'"	"0x8100"	"HumCtl.Tsupply"	"HumCtl.Tsupply"	"HumCtl.Tsupply"	"HumCtl.Tsupply"	"HumCtl.Tsupply"	"HumCtl.Tsupply"	"HumCtl.Tsupply"	"HumCtl.Tsupply"	
"0x230A 'Objects\HumCtl.rHreturn'"	"0x8100"	"HumCtl.rHreturn"	"HumCtl.rHreturn"	"HumCtl.rHreturn"	"HumCtl.rHreturn"	"HumCtl.rHreturn"	"HumCtl.rHreturn"	"HumCtl.rHreturn"	"HumCtl.rHreturn"	
"0x230A 'Objects\HumCtl.rHsupply'"	"0x8100"	"HumCtl.rHsupply"	"HumCtl.rHsupply"	"HumCtl.rHsupply"	"HumCtl.rHsupply"	"HumCtl.rHsupply"	"HumCtl.rHsupply"	"HumCtl.rHsupply"	"HumCtl.rHsupply"	
"0x230A 'Objects\HumCtl.Toutside'"	"0x8100"	"HumCtl.Toutside"	"HumCtl.Toutside"	"HumCtl.Toutside"	"HumCtl.Toutside"	"HumCtl.Toutside"	"HumCtl.Toutside"	"HumCtl.Toutside"	"HumCtl.Toutside"	
"0x230A 'Objects\HumCtl.Hum'"	"0x8100"	"HumCtl.Hum"	"HumCtl.Hum"	"HumCtl.Hum"	"HumCtl.Hum"	"HumCtl.Hum"	"HumCtl.Hum"	"HumCtl.Hum"	"HumCtl.Hum"	
"0x230A 'Objects\HumCtl.DeHum'"	"0x8100"	"HumCtl.DeHum"	"HumCtl.DeHum"	"HumCtl.DeHum"	"HumCtl.DeHum"	"HumCtl.DeHum"	"HumCtl.DeHum"	"HumCtl.DeHum"	"HumCtl.DeHum"	
"0x2304 'Objects\HumCtl.Sp.Discr'"	"0x8100"	"HumCtl.Sp.Discr"	"HumCtl.Sp.Discr"	"HumCtl.Sp.Discr"	"HumCtl.Sp.Discr"	"HumCtl.Sp.Discr"	"HumCtl.Sp.Discr"	"HumCtl.Sp.Discr"	"HumCtl.Sp.Discr"	
"0x2300 'Objects\HumCtl.Sp.SpEcoDeHum'"	"0x8100"	"HumCtl.Sp.SpEcoDeHum"	"HumCtl.Sp.SpEcoDeHum"	"HumCtl.Sp.SpEcoDeHum"	"HumCtl.Sp.SpEcoDeHum"	"HumCtl.Sp.SpEcoDeHum"	"HumCtl.Sp.SpEcoDeHum"	"HumCtl.Sp.SpEcoDeHum"	"HumCtl.Sp.SpEcoDeHum"	
"0x2300 'Objects\HumCtl.Sp.SpComfDeHum'"	"0x8100"	"HumCtl.Sp.SpComfDeHum"	"HumCtl.Sp.SpComfDeHum"	"HumCtl.Sp.SpComfDeHum"	"HumCtl.Sp.SpComfDeHum"	"HumCtl.Sp.SpComfDeHum"	"HumCtl.Sp.SpComfDeHum"	"HumCtl.Sp.SpComfDeHum"	"HumCtl.Sp.SpComfDeHum"	
"0x2300 'Objects\HumCtl.Sp.SpComfHum'"	"0x8100"	"HumCtl.Sp.SpComfHum"	"HumCtl.Sp.SpComfHum"	"HumCtl.Sp.SpComfHum"	"HumCtl.Sp.SpComfHum"	"HumCtl.Sp.SpComfHum"	"HumCtl.Sp.SpComfHum"	"HumCtl.Sp.SpComfHum"	"HumCtl.Sp.SpComfHum"	
"0x2300 'Objects\HumCtl.Sp.SpEcoHum'"	"0x8100"	"HumCtl.Sp.SpEcoHum"	"HumCtl.Sp.SpEcoHum"	"HumCtl.Sp.SpEcoHum"	"HumCtl.Sp.SpEcoHum"	"HumCtl.Sp.SpEcoHum"	"HumCtl.Sp.SpEcoHum"	"HumCtl.Sp.SpEcoHum"	"HumCtl.Sp.SpEcoHum"	
"0x230A 'Objects\HumCtl.Sp.SpDeHum'"	"0x8100"	"HumCtl.Sp.SpDeHum"	"HumCtl.Sp.SpDeHum"	"HumCtl.Sp.SpDeHum"	"HumCtl.Sp.SpDeHum"	"HumCtl.Sp.SpDeHum"	"HumCtl.Sp.SpDeHum"	"HumCtl.Sp.SpDeHum"	"HumCtl.Sp.SpDeHum"	
"0x230A 'Objects\HumCtl.Sp.SpHum'"	"0x8100"	"HumCtl.Sp.SpHum"	"HumCtl.Sp.SpHum"	"HumCtl.Sp.SpHum"	"HumCtl.Sp.SpHum"	"HumCtl.Sp.SpHum"	"HumCtl.Sp.SpHum"	"HumCtl.Sp.SpHum"	"HumCtl.Sp.SpHum"	
"0x2300 'Objects\HumCtl.Sp.SpMaxHumSu'"	"0x8100"	"HumCtl.Sp.SpMaxHumSu"	"HumCtl.Sp.SpMaxHumSu"	"HumCtl.Sp.SpMaxHumSu"	"HumCtl.Sp.SpMaxHumSu"	"HumCtl.Sp.SpMaxHumSu"	"HumCtl.Sp.SpMaxHumSu"	"HumCtl.Sp.SpMaxHumSu"	"HumCtl.Sp.SpMaxHumSu"	
"0x2300 'Objects\HumCtl.Sp.SpMinTSu'"	"0x8100"	"HumCtl.Sp.SpMinTSu"	"HumCtl.Sp.SpMinTSu"	"HumCtl.Sp.SpMinTSu"	"HumCtl.Sp.SpMinTSu"	"HumCtl.Sp.SpMinTSu"	"HumCtl.Sp.SpMinTSu"	"HumCtl.Sp.SpMinTSu"	"HumCtl.Sp.SpMinTSu"	
"0x2300 'Objects\HumCtl.Sp.OfSetMinTSu'"	"0x8100"	"HumCtl.Sp.OfSetMinTSu"	"HumCtl.Sp.OfSetMinTSu"	"HumCtl.Sp.OfSetMinTSu"	"HumCtl.Sp.OfSetMinTSu"	"HumCtl.Sp.OfSetMinTSu"	"HumCtl.Sp.OfSetMinTSu"	"HumCtl.Sp.OfSetMinTSu"	"HumCtl.Sp.OfSetMinTSu"	
"0x230B 'Objects\HumCtl.Sp.DeHumAct'"	"0x8100"	"HumCtl.Sp.DeHumAct"	"HumCtl.Sp.DeHumAct"	"HumCtl.Sp.DeHumAct"	"HumCtl.Sp.DeHumAct"	"HumCtl.Sp.DeHumAct"	"HumCtl.Sp.DeHumAct"	"HumCtl.Sp.DeHumAct"	"HumCtl.Sp.DeHumAct"	
"0x2300 'Objects\HumCtl.Lim.DeHumAct.Lim'"	"0x8100"	"HumCtl.Lim.DeHumAct.Lim"	"HumCtl.Lim.DeHumAct.Lim"	"HumCtl.Lim.DeHumAct.Lim"	"HumCtl.Lim.DeHumAct.Lim"	"HumCtl.Lim.DeHumAct.Lim"	"HumCtl.Lim.DeHumAct.Lim"	"HumCtl.Lim.DeHumAct.Lim"	"HumCtl.Lim.DeHumAct.Lim"	
"0x2300 'Objects\HumCtl.Lim.DeHumAct.Hys'"	"0x8100"	"HumCtl.Lim.DeHumAct.Hys"	"HumCtl.Lim.DeHumAct.Hys"	"HumCtl.Lim.DeHumAct.Hys"	"HumCtl.Lim.DeHumAct.Hys"	"HumCtl.Lim.DeHumAct.Hys"	"HumCtl.Lim.DeHumAct.Hys"	"HumCtl.Lim.DeHumAct.Hys"	"HumCtl.Lim.DeHumAct.Hys"	
"0x230B 'Objects\HumCtl.Lim.DeHumAct.State'"	"0x8100"	"HumCtl.Lim.DeHumAct.State"	"HumCtl.Lim.DeHumAct.State"	"HumCtl.Lim.DeHumAct.State"	"HumCtl.Lim.DeHumAct.State"	"HumCtl.Lim.DeHumAct.State"	"HumCtl.Lim.DeHumAct.State"	"HumCtl.Lim.DeHumAct.State"	"HumCtl.Lim.DeHumAct.State"	
"0x2300 'Objects\HumCtl.Lim.HumAct.Lim'"	"0x8100"	"HumCtl.Lim.HumAct.Lim"	"HumCtl.Lim.HumAct.Lim"	"HumCtl.Lim.HumAct.Lim"	"HumCtl.Lim.HumAct.Lim"	"HumCtl.Lim.HumAct.Lim"	"HumCtl.Lim.HumAct.Lim"	"HumCtl.Lim.HumAct.Lim"	"HumCtl.Lim.HumAct.Lim"	
"0x2300 'Objects\HumCtl.Lim.HumAct.Hys'"	"0x8100"	"HumCtl.Lim.HumAct.Hys"	"HumCtl.Lim.HumAct.Hys"	"HumCtl.Lim.HumAct.Hys"	"HumCtl.Lim.HumAct.Hys"	"HumCtl.Lim.HumAct.Hys"	"HumCtl.Lim.HumAct.Hys"	"HumCtl.Lim.HumAct.Hys"	"HumCtl.Lim.HumAct.Hys"	
"0x230B 'Objects\HumCtl.Lim.HumAct.State'"	"0x8100"	"HumCtl.Lim.HumAct.State"	"HumCtl.Lim.HumAct.State"	"HumCtl.Lim.HumAct.State"	"HumCtl.Lim.HumAct.State"	"HumCtl.Lim.HumAct.State"	"HumCtl.Lim.HumAct.State"	"HumCtl.Lim.HumAct.State"	"HumCtl.Lim.HumAct.State"	
"0x230A 'Objects\HumCtl.Lim.DeHumActLim'"	"0x8100"	"HumCtl.Lim.DeHumActLim"	"HumCtl.Lim.DeHumActLim"	"HumCtl.Lim.DeHumActLim"	"HumCtl.Lim.DeHumActLim"	"HumCtl.Lim.DeHumActLim"	"HumCtl.Lim.DeHumActLim"	"HumCtl.Lim.DeHumActLim"	"HumCtl.Lim.DeHumActLim"	
"0x230A 'Objects\HumCtl.Lim.HumActLim'"	"0x8100"	"HumCtl.Lim.HumActLim"	"HumCtl.Lim.HumActLim"	"HumCtl.Lim.HumActLim"	"HumCtl.Lim.HumActLim"	"HumCtl.Lim.HumActLim"	"HumCtl.Lim.HumActLim"	"HumCtl.Lim.HumActLim"	"HumCtl.Lim.HumActLim"	
"0x2302 'Objects\HumCtl.Lim.DeHumActEn'"	"0x8100"	"HumCtl.Lim.DeHumActEn"	"HumCtl.Lim.DeHumActEn"	"HumCtl.Lim.DeHumActEn"	"HumCtl.Lim.DeHumActEn"	"HumCtl.Lim.DeHumActEn"	"HumCtl.Lim.DeHumActEn"	"HumCtl.Lim.DeHumActEn"	"HumCtl.Lim.DeHumActEn"	
"0x2302 'Objects\HumCtl.Lim.HumActEn'"	"0x8100"	"HumCtl.Lim.HumActEn"	"HumCtl.Lim.HumActEn"	"HumCtl.Lim.HumActEn"	"HumCtl.Lim.HumActEn"	"HumCtl.Lim.HumActEn"	"HumCtl.Lim.HumActEn"	"HumCtl.Lim.HumActEn"	"HumCtl.Lim.HumActEn"	
"0x2300 'Objects\Seq.HumAct.XP'"	"0x8100"	"Seq.HumAct.XP"	"Seq.HumAct.XP"	"Seq.HumAct.XP"	"Seq.HumAct.XP"	"Seq.HumAct.XP"	"Seq.HumAct.XP"	"Seq.HumAct.XP"	"Seq.HumAct.XP"	
"0x2300 'Objects\Seq.HumAct.TI'"	"0x8100"	"Seq.HumAct.TI"	"Seq.HumAct.TI"	"Seq.HumAct.TI"	"Seq.HumAct.TI"	"Seq.HumAct.TI"	"Seq.HumAct.TI"	"Seq.HumAct.TI"	"Seq.HumAct.TI"	
"0x2300 'Objects\Seq.HumAct.TD'"	"0x8100"	"Seq.HumAct.TD"	"Seq.HumAct.TD"	"Seq.HumAct.TD"	"Seq.HumAct.TD"	"Seq.HumAct.TD"	"Seq.HumAct.TD"	"Seq.HumAct.TD"	"Seq.HumAct.TD"	
"0x2300 'Objects\Seq.HumAct.Nz'"	"0x8100"	"Seq.HumAct.Nz"	"Seq.HumAct.Nz"	"Seq.HumAct.Nz"	"Seq.HumAct.Nz"	"Seq.HumAct.Nz"	"Seq.HumAct.Nz"	"Seq.HumAct.Nz"	"Seq.HumAct.Nz"	
"0x2300 'Objects\Seq.HumAct.DvnLim'"	"0x8100"	"Seq.HumAct.DvnLim"	"Seq.HumAct.DvnLim"	"Seq.HumAct.DvnLim"	"Seq.HumAct.DvnLim"	"Seq.HumAct.DvnLim"	"Seq.HumAct.DvnLim"	"Seq.HumAct.DvnLim"	"Seq.HumAct.DvnLim"	
"0x230B 'Objects\Seq.HumAct.Mode'"	"0x8100"	"Seq.HumAct.Mode"	"Seq.HumAct.Mode"	"Seq.HumAct.Mode"	"Seq.HumAct.Mode"	"Seq.HumAct.Mode"	"Seq.HumAct.Mode"	"Seq.HumAct.Mode"	"Seq.HumAct.Mode"	
"0x230A 'Objects\Seq.HumAct.Pos'"	"0x8100"	"Seq.HumAct.Pos"	"Seq.HumAct.Pos"	"Seq.HumAct.Pos"	"Seq.HumAct.Pos"	"Seq.HumAct.Pos"	"Seq.HumAct.Pos"	"Seq.HumAct.Pos"	"Seq.HumAct.Pos"	
"0x230B 'Objects\Seq.HumAct.State'"	"0x8100"	"Seq.HumAct.State"	"Seq.HumAct.State"	"Seq.HumAct.State"	"Seq.HumAct.State"	"Seq.HumAct.State"	"Seq.HumAct.State"	"Seq.HumAct.State"	"Seq.HumAct.State"	
"0x2300 'Objects\Seq.DehumAct.XP'"	"0x8100"	"Seq.DehumAct.XP"	"Seq.DehumAct.XP"	"Seq.DehumAct.XP"	"Seq.DehumAct.XP"	"Seq.DehumAct.XP"	"Seq.DehumAct.XP"	"Seq.DehumAct.XP"	"Seq.DehumAct.XP"	
"0x2300 'Objects\Seq.DehumAct.TI'"	"0x8100"	"Seq.DehumAct.TI"	"Seq.DehumAct.TI"	"Seq.DehumAct.TI"	"Seq.DehumAct.TI"	"Seq.DehumAct.TI"	"Seq.DehumAct.TI"	"Seq.DehumAct.TI"	"Seq.DehumAct.TI"	
"0x2300 'Objects\Seq.DehumAct.TD'"	"0x8100"	"Seq.DehumAct.TD"	"Seq.DehumAct.TD"	"Seq.DehumAct.TD"	"Seq.DehumAct.TD"	"Seq.DehumAct.TD"	"Seq.DehumAct.TD"	"Seq.DehumAct.TD"	"Seq.DehumAct.TD"	
"0x2300 'Objects\Seq.DehumAct.Nz'"	"0x8100"	"Seq.DehumAct.Nz"	"Seq.DehumAct.Nz"	"Seq.DehumAct.Nz"	"Seq.DehumAct.Nz"	"Seq.DehumAct.Nz"	"Seq.DehumAct.Nz"	"Seq.DehumAct.Nz"	"Seq.DehumAct.Nz"	
"0x2300 'Objects\Seq.DehumAct.DvnLim'"	"0x8100"	"Seq.DehumAct.DvnLim"	"Seq.DehumAct.DvnLim"	"Seq.DehumAct.DvnLim"	"Seq.DehumAct.DvnLim"	"Seq.DehumAct.DvnLim"	"Seq.DehumAct.DvnLim"	"Seq.DehumAct.DvnLim"	"Seq.DehumAct.DvnLim"	
"0x230B 'Objects\Seq.DehumAct.Mode'"	"0x8100"	"Seq.DehumAct.Mode"	"Seq.DehumAct.Mode"	"Seq.DehumAct.Mode"	"Seq.DehumAct.Mode"	"Seq.DehumAct.Mode"	"Seq.DehumAct.Mode"	"Seq.DehumAct.Mode"	"Seq.DehumAct.Mode"	
"0x230A 'Objects\Seq.DehumAct.Pos'"	"0x8100"	"Seq.DehumAct.Pos"	"Seq.DehumAct.Pos"	"Seq.DehumAct.Pos"	"Seq.DehumAct.Pos"	"Seq.DehumAct.Pos"	"Seq.DehumAct.Pos"	"Seq.DehumAct.Pos"	"Seq.DehumAct.Pos"	
"0x230B 'Objects\Seq.DehumAct.State'"	"0x8100"	"Seq.DehumAct.State"	"Seq.DehumAct.State"	"Seq.DehumAct.State"	"Seq.DehumAct.State"	"Seq.DehumAct.State"	"Seq.DehumAct.State"	"Seq.DehumAct.State"	"Seq.DehumAct.State"	
"0x2300 'Objects\Seq.CoolAct.XP'"	"0x8100"	"Seq.CoolAct.XP"	"Seq.CoolAct.XP"	"Seq.CoolAct.XP"	"Seq.CoolAct.XP"	"Seq.CoolAct.XP"	"Seq.CoolAct.XP"	"Seq.CoolAct.XP"	"Seq.CoolAct.XP"	
"0x2300 'Objects\Seq.CoolAct.TI'"	"0x8100"	"Seq.CoolAct.TI"	"Seq.CoolAct.TI"	"Seq.CoolAct.TI"	"Seq.CoolAct.TI"	"Seq.CoolAct.TI"	"Seq.CoolAct.TI"	"Seq.CoolAct.TI"	"Seq.CoolAct.TI"	
"0x2300 'Objects\Seq.CoolAct.TD'"	"0x8100"	"Seq.CoolAct.TD"	"Seq.CoolAct.TD"	"Seq.CoolAct.TD"	"Seq.CoolAct.TD"	"Seq.CoolAct.TD"	"Seq.CoolAct.TD"	"Seq.CoolAct.TD"	"Seq.CoolAct.TD"	
"0x2300 'Objects\Seq.CoolAct.Nz'"	"0x8100"	"Seq.CoolAct.Nz"	"Seq.CoolAct.Nz"	"Seq.CoolAct.Nz"	"Seq.CoolAct.Nz"	"Seq.CoolAct.Nz"	"Seq.CoolAct.Nz"	"Seq.CoolAct.Nz"	"Seq.CoolAct.Nz"	
"0x2300 'Objects\Seq.CoolAct.DvnLim'"	"0x8100"	"Seq.CoolAct.DvnLim"	"Seq.CoolAct.DvnLim"	"Seq.CoolAct.DvnLim"	"Seq.CoolAct.DvnLim"	"Seq.CoolAct.DvnLim"	"Seq.CoolAct.DvnLim"	"Seq.CoolAct.DvnLim"	"Seq.CoolAct.DvnLim"	
"0x230B 'Objects\Seq.CoolAct.Mode'"	"0x8100"	"Seq.CoolAct.Mode"	"Seq.CoolAct.Mode"	"Seq.CoolAct.Mode"	"Seq.CoolAct.Mode"	"Seq.CoolAct.Mode"	"Seq.CoolAct.Mode"	"Seq.CoolAct.Mode"	"Seq.CoolAct.Mode"	
"0x230A 'Objects\Seq.CoolAct.Pos'"	"0x8100"	"Seq.CoolAct.Pos"	"Seq.CoolAct.Pos"	"Seq.CoolAct.Pos"	"Seq.CoolAct.Pos"	"Seq.CoolAct.Pos"	"Seq.CoolAct.Pos"	"Seq.CoolAct.Pos"	"Seq.CoolAct.Pos"	
"0x230B 'Objects\Seq.CoolAct.State'"	"0x8100"	"Seq.CoolAct.State"	"Seq.CoolAct.State"	"Seq.CoolAct.State"	"Seq.CoolAct.State"	"Seq.CoolAct.State"	"Seq.CoolAct.State"	"Seq.CoolAct.State"	"Seq.CoolAct.State"	
"0x230B 'Objects\Seq.DeHumStart'"	"0x8100"	"Seq.DeHumStart"	"Seq.DeHumStart"	"Seq.DeHumStart"	"Seq.DeHumStart"	"Seq.DeHumStart"	"Seq.DeHumStart"	"Seq.DeHumStart"	"Seq.DeHumStart"	
"0x230B 'Objects\Seq.HumStart'"	"0x8100"	"Seq.HumStart"	"Seq.HumStart"	"Seq.HumStart"	"Seq.HumStart"	"Seq.HumStart"	"Seq.HumStart"	"Seq.HumStart"	"Seq.HumStart"	
"0x230A 'Objects\HumCtl.SpHum'"	"0x8100"	"HumCtl.SpHum"	"HumCtl.SpHum"	"HumCtl.SpHum"	"HumCtl.SpHum"	"HumCtl.SpHum"	"HumCtl.SpHum"	"HumCtl.SpHum"	"HumCtl.SpHum"	
"0x230A 'Objects\HumCtl.SpDeHum'"	"0x8100"	"HumCtl.SpDeHum"	"HumCtl.SpDeHum"	"HumCtl.SpDeHum"	"HumCtl.SpDeHum"	"HumCtl.SpDeHum"	"HumCtl.SpDeHum"	"HumCtl.SpDeHum"	"HumCtl.SpDeHum"	
"0x2304 'Objects\FreeCooling.Discr'"	"0x8100"	"FreeCooling.Discr"	"FreeCooling.Discr"	"FreeCooling.Discr"	"FreeCooling.Discr"	"FreeCooling.Discr"	"FreeCooling.Discr"	"FreeCooling.Discr"	"FreeCooling.Discr"	
"0x2302 'Objects\FreeCooling.Enable'"	"0x8100"	"FreeCooling.Enable"	"FreeCooling.Enable"	"FreeCooling.Enable"	"FreeCooling.Enable"	"FreeCooling.Enable"	"FreeCooling.Enable"	"FreeCooling.Enable"	"FreeCooling.Enable"	
"0x2300 'Objects\FreeCooling.ToutsiteMin'"	"0x8100"	"FreeCooling.ToutsiteMin"	"FreeCooling.ToutsiteMin"	"FreeCooling.ToutsiteMin"	"FreeCooling.ToutsiteMin"	"FreeCooling.ToutsiteMin"	"FreeCooling.ToutsiteMin"	"FreeCooling.ToutsiteMin"	"FreeCooling.ToutsiteMin"	
"0x2300 'Objects\FreeCooling.OnDif'"	"0x8100"	"FreeCooling.OnDif"	"FreeCooling.OnDif"	"FreeCooling.OnDif"	"FreeCooling.OnDif"	"FreeCooling.OnDif"	"FreeCooling.OnDif"	"FreeCooling.OnDif"	"FreeCooling.OnDif"	
"0x2300 'Objects\FreeCooling.OffDif'"	"0x8100"	"FreeCooling.OffDif"	"FreeCooling.OffDif"	"FreeCooling.OffDif"	"FreeCooling.OffDif"	"FreeCooling.OffDif"	"FreeCooling.OffDif"	"FreeCooling.OffDif"	"FreeCooling.OffDif"	
"0x2300 'Objects\FreeCooling.RHys'"	"0x8100"	"FreeCooling.RHys"	"FreeCooling.RHys"	"FreeCooling.RHys"	"FreeCooling.RHys"	"FreeCooling.RHys"	"FreeCooling.RHys"	"FreeCooling.RHys"	"FreeCooling.RHys"	
"0x230B 'Objects\FreeCooling.Active'"	"0x8100"	"FreeCooling.Active"	"FreeCooling.Active"	"FreeCooling.Active"	"FreeCooling.Active"	"FreeCooling.Active"	"FreeCooling.Active"	"FreeCooling.Active"	"FreeCooling.Active"	
"0x230A 'Objects\FreeCooling.Toutside'"	"0x8100"	"FreeCooling.Toutside"	"FreeCooling.Toutside"	"FreeCooling.Toutside"	"FreeCooling.Toutside"	"FreeCooling.Toutside"	"FreeCooling.Toutside"	"FreeCooling.Toutside"	"FreeCooling.Toutside"	
"0x230A 'Objects\FreeCooling.Troom'"	"0x8100"	"FreeCooling.Troom"	"FreeCooling.Troom"	"FreeCooling.Troom"	"FreeCooling.Troom"	"FreeCooling.Troom"	"FreeCooling.Troom"	"FreeCooling.Troom"	"FreeCooling.Troom"	
"0x2300 'Objects\FreeCooling.SpV'"	"0x8100"	"FreeCooling.SpV"	"FreeCooling.SpV"	"FreeCooling.SpV"	"FreeCooling.SpV"	"FreeCooling.SpV"	"FreeCooling.SpV"	"FreeCooling.SpV"	"FreeCooling.SpV"	
"0x2302 'Objects\FreeCooling.TmpSel'"	"0x8100"	"FreeCooling.TmpSel"	"FreeCooling.TmpSel"	"FreeCooling.TmpSel"	"FreeCooling.TmpSel"	"FreeCooling.TmpSel"	"FreeCooling.TmpSel"	"FreeCooling.TmpSel"	"FreeCooling.TmpSel"	
"0x2300 'Objects\QCtl.Low'"	"0x8100"	"QCtl.Low"	"QCtl.Low"	"QCtl.Low"	"QCtl.Low"	"QCtl.Low"	"QCtl.Low"	"QCtl.Low"	"QCtl.Low"	
"0x2300 'Objects\QCtl.High'"	"0x8100"	"QCtl.High"	"QCtl.High"	"QCtl.High"	"QCtl.High"	"QCtl.High"	"QCtl.High"	"QCtl.High"	"QCtl.High"	
"0x2304 'Objects\QCtl.Discr'"	"0x8100"	"QCtl.Discr"	"QCtl.Discr"	"QCtl.Discr"	"QCtl.Discr"	"QCtl.Discr"	"QCtl.Discr"	"QCtl.Discr"	"QCtl.Discr"	
"0x2304 'Objects\QCtl.FanSpQ.Discr'"	"0x8100"	"QCtl.FanSpQ.Discr"	"QCtl.FanSpQ.Discr"	"QCtl.FanSpQ.Discr"	"QCtl.FanSpQ.Discr"	"QCtl.FanSpQ.Discr"	"QCtl.FanSpQ.Discr"	"QCtl.FanSpQ.Discr"	"QCtl.FanSpQ.Discr"	
"0x2300 'Objects\QCtl.FanSpQ.SpPEco'"	"0x8100"	"QCtl.FanSpQ.SpPEco"	"QCtl.FanSpQ.SpPEco"	"QCtl.FanSpQ.SpPEco"	"QCtl.FanSpQ.SpPEco"	"QCtl.FanSpQ.SpPEco"	"QCtl.FanSpQ.SpPEco"	"QCtl.FanSpQ.SpPEco"	"QCtl.FanSpQ.SpPEco"	
"0x2300 'Objects\QCtl.FanSpQ.SpPComf'"	"0x8100"	"QCtl.FanSpQ.SpPComf"	"QCtl.FanSpQ.SpPComf"	"QCtl.FanSpQ.SpPComf"	"QCtl.FanSpQ.SpPComf"	"QCtl.FanSpQ.SpPComf"	"QCtl.FanSpQ.SpPComf"	"QCtl.FanSpQ.SpPComf"	"QCtl.FanSpQ.SpPComf"	
"0x230A 'Objects\QCtl.FanSpQ.SpP'"	"0x8100"	"QCtl.FanSpQ.SpP"	"QCtl.FanSpQ.SpP"	"QCtl.FanSpQ.SpP"	"QCtl.FanSpQ.SpP"	"QCtl.FanSpQ.SpP"	"QCtl.FanSpQ.SpP"	"QCtl.FanSpQ.SpP"	"QCtl.FanSpQ.SpP"	
"0x2300 'Objects\QCtl.FanSpQ.SpVEco'"	"0x8100"	"QCtl.FanSpQ.SpVEco"	"QCtl.FanSpQ.SpVEco"	"QCtl.FanSpQ.SpVEco"	"QCtl.FanSpQ.SpVEco"	"QCtl.FanSpQ.SpVEco"	"QCtl.FanSpQ.SpVEco"	"QCtl.FanSpQ.SpVEco"	"QCtl.FanSpQ.SpVEco"	
"0x2300 'Objects\QCtl.FanSpQ.SpVComf'"	"0x8100"	"QCtl.FanSpQ.SpVComf"	"QCtl.FanSpQ.SpVComf"	"QCtl.FanSpQ.SpVComf"	"QCtl.FanSpQ.SpVComf"	"QCtl.FanSpQ.SpVComf"	"QCtl.FanSpQ.SpVComf"	"QCtl.FanSpQ.SpVComf"	"QCtl.FanSpQ.SpVComf"	
"0x230A 'Objects\QCtl.FanSpQ.SpV'"	"0x8100"	"QCtl.FanSpQ.SpV"	"QCtl.FanSpQ.SpV"	"QCtl.FanSpQ.SpV"	"QCtl.FanSpQ.SpV"	"QCtl.FanSpQ.SpV"	"QCtl.FanSpQ.SpV"	"QCtl.FanSpQ.SpV"	"QCtl.FanSpQ.SpV"	
"0x2302 'Objects\QCtl.FanSpQ.Control'"	"0x8100"	"QCtl.FanSpQ.Control"	"QCtl.FanSpQ.Control"	"QCtl.FanSpQ.Control"	"QCtl.FanSpQ.Control"	"QCtl.FanSpQ.Control"	"QCtl.FanSpQ.Control"	"QCtl.FanSpQ.Control"	"QCtl.FanSpQ.Control"	
"0x230A 'Objects\QCtl.SpPPM'"	"0x8100"	"QCtl.SpPPM"	"QCtl.SpPPM"	"QCtl.SpPPM"	"QCtl.SpPPM"	"QCtl.SpPPM"	"QCtl.SpPPM"	"QCtl.SpPPM"	"QCtl.SpPPM"	
"0x230A 'Objects\QCtl.SpVOC'"	"0x8100"	"QCtl.SpVOC"	"QCtl.SpVOC"	"QCtl.SpVOC"	"QCtl.SpVOC"	"QCtl.SpVOC"	"QCtl.SpVOC"	"QCtl.SpVOC"	"QCtl.SpVOC"	
"0x230A 'Objects\QCtl.VOC'"	"0x8100"	"QCtl.VOC"	"QCtl.VOC"	"QCtl.VOC"	"QCtl.VOC"	"QCtl.VOC"	"QCtl.VOC"	"QCtl.VOC"	"QCtl.VOC"	
"0x230A 'Objects\QCtl.PPM'"	"0x8100"	"QCtl.PPM"	"QCtl.PPM"	"QCtl.PPM"	"QCtl.PPM"	"QCtl.PPM"	"QCtl.PPM"	"QCtl.PPM"	"QCtl.PPM"	
"0x2300 'Objects\QCtl.LoopCtlPPM.XP'"	"0x8100"	"QCtl.LoopCtlPPM.XP"	"QCtl.LoopCtlPPM.XP"	"QCtl.LoopCtlPPM.XP"	"QCtl.LoopCtlPPM.XP"	"QCtl.LoopCtlPPM.XP"	"QCtl.LoopCtlPPM.XP"	"QCtl.LoopCtlPPM.XP"	"QCtl.LoopCtlPPM.XP"	
"0x2300 'Objects\QCtl.LoopCtlPPM.TI'"	"0x8100"	"QCtl.LoopCtlPPM.TI"	"QCtl.LoopCtlPPM.TI"	"QCtl.LoopCtlPPM.TI"	"QCtl.LoopCtlPPM.TI"	"QCtl.LoopCtlPPM.TI"	"QCtl.LoopCtlPPM.TI"	"QCtl.LoopCtlPPM.TI"	"QCtl.LoopCtlPPM.TI"	
"0x2300 'Objects\QCtl.LoopCtlPPM.TD'"	"0x8100"	"QCtl.LoopCtlPPM.TD"	"QCtl.LoopCtlPPM.TD"	"QCtl.LoopCtlPPM.TD"	"QCtl.LoopCtlPPM.TD"	"QCtl.LoopCtlPPM.TD"	"QCtl.LoopCtlPPM.TD"	"QCtl.LoopCtlPPM.TD"	"QCtl.LoopCtlPPM.TD"	
"0x2300 'Objects\QCtl.LoopCtlPPM.Nz'"	"0x8100"	"QCtl.LoopCtlPPM.Nz"	"QCtl.LoopCtlPPM.Nz"	"QCtl.LoopCtlPPM.Nz"	"QCtl.LoopCtlPPM.Nz"	"QCtl.LoopCtlPPM.Nz"	"QCtl.LoopCtlPPM.Nz"	"QCtl.LoopCtlPPM.Nz"	"QCtl.LoopCtlPPM.Nz"	
"0x2300 'Objects\QCtl.LoopCtlPPM.DvnLim'"	"0x8100"	"QCtl.LoopCtlPPM.DvnLim"	"QCtl.LoopCtlPPM.DvnLim"	"QCtl.LoopCtlPPM.DvnLim"	"QCtl.LoopCtlPPM.DvnLim"	"QCtl.LoopCtlPPM.DvnLim"	"QCtl.LoopCtlPPM.DvnLim"	"QCtl.LoopCtlPPM.DvnLim"	"QCtl.LoopCtlPPM.DvnLim"	
"0x230B 'Objects\QCtl.LoopCtlPPM.Mode'"	"0x8100"	"QCtl.LoopCtlPPM.Mode"	"QCtl.LoopCtlPPM.Mode"	"QCtl.LoopCtlPPM.Mode"	"QCtl.LoopCtlPPM.Mode"	"QCtl.LoopCtlPPM.Mode"	"QCtl.LoopCtlPPM.Mode"	"QCtl.LoopCtlPPM.Mode"	"QCtl.LoopCtlPPM.Mode"	
"0x230A 'Objects\QCtl.LoopCtlPPM.Pos'"	"0x8100"	"QCtl.LoopCtlPPM.Pos"	"QCtl.LoopCtlPPM.Pos"	"QCtl.LoopCtlPPM.Pos"	"QCtl.LoopCtlPPM.Pos"	"QCtl.LoopCtlPPM.Pos"	"QCtl.LoopCtlPPM.Pos"	"QCtl.LoopCtlPPM.Pos"	"QCtl.LoopCtlPPM.Pos"	
"0x230B 'Objects\QCtl.LoopCtlPPM.State'"	"0x8100"	"QCtl.LoopCtlPPM.State"	"QCtl.LoopCtlPPM.State"	"QCtl.LoopCtlPPM.State"	"QCtl.LoopCtlPPM.State"	"QCtl.LoopCtlPPM.State"	"QCtl.LoopCtlPPM.State"	"QCtl.LoopCtlPPM.State"	"QCtl.LoopCtlPPM.State"	
"0x2300 'Objects\QCtl.LoopCtlVOC.XP'"	"0x8100"	"QCtl.LoopCtlVOC.XP"	"QCtl.LoopCtlVOC.XP"	"QCtl.LoopCtlVOC.XP"	"QCtl.LoopCtlVOC.XP"	"QCtl.LoopCtlVOC.XP"	"QCtl.LoopCtlVOC.XP"	"QCtl.LoopCtlVOC.XP"	"QCtl.LoopCtlVOC.XP"	
"0x2300 'Objects\QCtl.LoopCtlVOC.TI'"	"0x8100"	"QCtl.LoopCtlVOC.TI"	"QCtl.LoopCtlVOC.TI"	"QCtl.LoopCtlVOC.TI"	"QCtl.LoopCtlVOC.TI"	"QCtl.LoopCtlVOC.TI"	"QCtl.LoopCtlVOC.TI"	"QCtl.LoopCtlVOC.TI"	"QCtl.LoopCtlVOC.TI"	
"0x2300 'Objects\QCtl.LoopCtlVOC.TD'"	"0x8100"	"QCtl.LoopCtlVOC.TD"	"QCtl.LoopCtlVOC.TD"	"QCtl.LoopCtlVOC.TD"	"QCtl.LoopCtlVOC.TD"	"QCtl.LoopCtlVOC.TD"	"QCtl.LoopCtlVOC.TD"	"QCtl.LoopCtlVOC.TD"	"QCtl.LoopCtlVOC.TD"	
"0x2300 'Objects\QCtl.LoopCtlVOC.Nz'"	"0x8100"	"QCtl.LoopCtlVOC.Nz"	"QCtl.LoopCtlVOC.Nz"	"QCtl.LoopCtlVOC.Nz"	"QCtl.LoopCtlVOC.Nz"	"QCtl.LoopCtlVOC.Nz"	"QCtl.LoopCtlVOC.Nz"	"QCtl.LoopCtlVOC.Nz"	"QCtl.LoopCtlVOC.Nz"	
"0x2300 'Objects\QCtl.LoopCtlVOC.DvnLim'"	"0x8100"	"QCtl.LoopCtlVOC.DvnLim"	"QCtl.LoopCtlVOC.DvnLim"	"QCtl.LoopCtlVOC.DvnLim"	"QCtl.LoopCtlVOC.DvnLim"	"QCtl.LoopCtlVOC.DvnLim"	"QCtl.LoopCtlVOC.DvnLim"	"QCtl.LoopCtlVOC.DvnLim"	"QCtl.LoopCtlVOC.DvnLim"	
"0x230B 'Objects\QCtl.LoopCtlVOC.Mode'"	"0x8100"	"QCtl.LoopCtlVOC.Mode"	"QCtl.LoopCtlVOC.Mode"	"QCtl.LoopCtlVOC.Mode"	"QCtl.LoopCtlVOC.Mode"	"QCtl.LoopCtlVOC.Mode"	"QCtl.LoopCtlVOC.Mode"	"QCtl.LoopCtlVOC.Mode"	"QCtl.LoopCtlVOC.Mode"	
"0x230A 'Objects\QCtl.LoopCtlVOC.Pos'"	"0x8100"	"QCtl.LoopCtlVOC.Pos"	"QCtl.LoopCtlVOC.Pos"	"QCtl.LoopCtlVOC.Pos"	"QCtl.LoopCtlVOC.Pos"	"QCtl.LoopCtlVOC.Pos"	"QCtl.LoopCtlVOC.Pos"	"QCtl.LoopCtlVOC.Pos"	"QCtl.LoopCtlVOC.Pos"	
"0x230B 'Objects\QCtl.LoopCtlVOC.State'"	"0x8100"	"QCtl.LoopCtlVOC.State"	"QCtl.LoopCtlVOC.State"	"QCtl.LoopCtlVOC.State"	"QCtl.LoopCtlVOC.State"	"QCtl.LoopCtlVOC.State"	"QCtl.LoopCtlVOC.State"	"QCtl.LoopCtlVOC.State"	"QCtl.LoopCtlVOC.State"	
