"Memert"	"ID"	"Name"	"Desc"
	"0x010D"	"Device"	"Device"
	"0x010D"	"SysEnableAll"	"SysEnableAll"
	"0x010D"	"GlobalCfg.RoomCfg"	"GlobalCfg.RoomCfg"
	"0x010D"	"GlobalCfg.SpecialCfg"	"GlobalCfg.SpecialCfg"
	"0x010D"	"VlvNoR01"	"VlvNoR01"
	"0x010D"	"VlvNoR02"	"VlvNoR02"
	"0x010D"	"VlvNoR03"	"VlvNoR03"
	"0x010D"	"VlvNoR04"	"VlvNoR04"
	"0x010D"	"VlvNoR05"	"VlvNoR05"
	"0x010D"	"VlvNoR06"	"VlvNoR06"
	"0x010D"	"VlvNoR07"	"VlvNoR07"
	"0x010D"	"VlvNoR08"	"VlvNoR08"
	"0x010D"	"VlvNoR09"	"VlvNoR09"
	"0x010D"	"VlvNoR010"	"VlvNoR010"
	"0x010D"	"VlvNoR011"	"VlvNoR011"
	"0x010D"	"VlvNoR012"	"VlvNoR012"
	"0x010D"	"VlvNoR013"	"VlvNoR013"
	"0x010D"	"VlvNoR014"	"VlvNoR014"
	"0x010D"	"VlvNoR015"	"VlvNoR015"
	"0x010D"	"HW"	"HW"
	"0x010D"	"M0"	"M0"
	"0x010D"	"POL6x8"	"POL6x8"
	"0x010D"	"M1"	"M1"
	"0x010D"	"M1.POL955"	"M1.POL955"
	"0x010D"	"M2"	"M2"
	"0x010D"	"M2.POL955"	"M2.POL955"
	"0x010D"	"M3"	"M3"
	"0x010D"	"M3.POL955"	"M3.POL955"
	"0x010D"	"M4"	"M4"
	"0x010D"	"M4.POL955"	"M4.POL955"
	"0x010D"	"M5"	"M5"
	"0x010D"	"M5.POL955"	"M5.POL955"
	"0x010D"	"M6"	"M6"
	"0x010D"	"M6.POL955"	"M6.POL955"
	"0x010D"	"M7"	"M7"
	"0x010D"	"M7.POL955"	"M7.POL955"
	"0x010D"	"POL908"	"POL908"
	"0x010D"	"POL908.DHCP"	"POL908.DHCP"
	"0x010D"	"POL908.RecipientDev1"	"POL908.RecipientDev1"
	"0x010D"	"POL908.DeviceName"	"POL908.DeviceName"
	"0x010D"	"POL908.GivenMask"	"POL908.GivenMask"
	"0x010D"	"POL908.GivenGate"	"POL908.GivenGate"
	"0x010D"	"POL908.GivenIP"	"POL908.GivenIP"
	"0x010D"	"POL908.DeviceID"	"POL908.DeviceID"
	"0x010D"	"POL908.Description"	"POL908.Description"
	"0x010D"	"POL908.EnableFirewal"	"POL908.EnableFirewal"
	"0x010D"	"POL908.EnableWebserver"	"POL908.EnableWebserver"
	"0x010D"	"FirstSttUp"	"FirstSttUp"
	"0x010D"	"AplBSPVnAlm"	"AplBSPVnAlm"
	"0x010D"	"BrutFrcDetAlm"	"BrutFrcDetAlm"
	"0x010D"	"BrutFrcDetChn"	"BrutFrcDetChn"
	"0x010D"	"ComAlmAck"	"ComAlmAck"
	"0x010D"	"AlmPrio"	"AlmPrio"
	"0x010D"	"MB_RTU1"	"MB_RTU1"
	"0x010D"	"MB_RTU1.Baud"	"MB_RTU1.Baud"
	"0x010D"	"MB_RTU1.Parity"	"MB_RTU1.Parity"
	"0x010D"	"MB_RTU1.StpBit"	"MB_RTU1.StpBit"
	"0x010D"	"MB_RTU1.Dly"	"MB_RTU1.Dly"
	"0x010D"	"MB_RTU1.RspTio"	"MB_RTU1.RspTio"
	"0x010D"	"MB_RTU2"	"MB_RTU2"
	"0x010D"	"MB_RTU2.Baud"	"MB_RTU2.Baud"
	"0x010D"	"MB_RTU2.Parity"	"MB_RTU2.Parity"
	"0x010D"	"MB_RTU2.StpBit"	"MB_RTU2.StpBit"
	"0x010D"	"MB_RTU2.Dly"	"MB_RTU2.Dly"
	"0x010D"	"MB_RTU2.RspTio"	"MB_RTU2.RspTio"
	"0x010D"	"MB_TCP"	"MB_TCP"
	"0x010D"	"MB_TCP.RspTio"	"MB_TCP.RspTio"
	"0x010D"	"MB_TCP.IPPort"	"MB_TCP.IPPort"
	"0x010D"	"MB_TCP.IPPortRls"	"MB_TCP.IPPortRls"
	"0x010D"	"MB_Adr"	"MB_Adr"
	"0x010D"	"MB_Adr.SrvAdr"	"MB_Adr.SrvAdr"
	"0x010D"	"DateStr"	"DateStr"
	"0x010D"	"TimeStr"	"TimeStr"
	"0x010D"	"Schedule"	"Schedule"
	"0x010D"	"ModeTSP_1"	"ModeTSP_1"
	"0x010D"	"Schedule_1"	"Schedule_1"
	"0x010D"	"TSP_1_Rst"	"TSP_1_Rst"
	"0x010D"	"ModeTSP_2"	"ModeTSP_2"
	"0x010D"	"Schedule_2"	"Schedule_2"
	"0x010D"	"TSP_2_Rst"	"TSP_2_Rst"
	"0x010D"	"ModeTSP_3"	"ModeTSP_3"
	"0x010D"	"Schedule_3"	"Schedule_3"
	"0x010D"	"TSP_3_Rst"	"TSP_3_Rst"
	"0x010D"	"GlobalCfg"	"GlobalCfg"
	"0x010D"	"Room1"	"Room1"
	"0x010D"	"Room1.TR"	"Room1.TR"
	"0x010D"	"Room1.TR.SpTiCom"	"Room1.TR.SpTiCom"
	"0x010D"	"Room1.TR.Val"	"Room1.TR.Val"
	"0x010D"	"Room1.CndMon2"	"Room1.CndMon2"
	"0x010D"	"Room1.CndMon2.RefIO"	"Room1.CndMon2.RefIO"
	"0x010D"	"Room1.CndMon2.Val"	"Room1.CndMon2.Val"
	"0x010D"	"Room1.CndMon"	"Room1.CndMon"
	"0x010D"	"Room1.CndMon.RefIO"	"Room1.CndMon.RefIO"
	"0x010D"	"Room1.CndMon.Val"	"Room1.CndMon.Val"
	"0x010D"	"Room1.CndMon3"	"Room1.CndMon3"
	"0x010D"	"Room1.CndMon3.RefIO"	"Room1.CndMon3.RefIO"
	"0x010D"	"Room1.CndMon3.Val"	"Room1.CndMon3.Val"
	"0x010D"	"Room1.CndMon4"	"Room1.CndMon4"
	"0x010D"	"Room1.CndMon4.RefIO"	"Room1.CndMon4.RefIO"
	"0x010D"	"Room1.CndMon4.Val"	"Room1.CndMon4.Val"
	"0x010D"	"Room1.OpModMan"	"Room1.OpModMan"
	"0x010D"	"Room1.ShedSel"	"Room1.ShedSel"
	"0x010D"	"Room1.SpTRPrt"	"Room1.SpTRPrt"
	"0x010D"	"Room1.SpTREco"	"Room1.SpTREco"
	"0x010D"	"Room1.SpTRCmf"	"Room1.SpTRCmf"
	"0x010D"	"Room1.PltMod"	"Room1.PltMod"
	"0x010D"	"Room1.VlvCtl"	"Room1.VlvCtl"
	"0x010D"	"Room1.VlvCtl.AggrMod"	"Room1.VlvCtl.AggrMod"
	"0x010D"	"Room1.VlvCtl.Low"	"Room1.VlvCtl.Low"
	"0x010D"	"Room1.VlvCtl.High"	"Room1.VlvCtl.High"
	"0x010D"	"Room1.VlvCtl.TiDly"	"Room1.VlvCtl.TiDly"
	"0x010D"	"Room1.VlvCtl.SwiOn"	"Room1.VlvCtl.SwiOn"
	"0x010D"	"Room1.VlvCtl.SwiOff"	"Room1.VlvCtl.SwiOff"
	"0x010D"	"Room1.VlvCtl.Ctl"	"Room1.VlvCtl.Ctl"
	"0x010D"	"Room1.Vlv2"	"Room1.Vlv2"
	"0x010D"	"Room1.Vlv2.RefIO"	"Room1.Vlv2.RefIO"
	"0x010D"	"Room1.Vlv2.Cmd"	"Room1.Vlv2.Cmd"
	"0x010D"	"Room1.Vlv2.Pos"	"Room1.Vlv2.Pos"
	"0x010D"	"Room1.Vlv"	"Room1.Vlv"
	"0x010D"	"Room1.Vlv.RefIO"	"Room1.Vlv.RefIO"
	"0x010D"	"Room1.Vlv.Cmd"	"Room1.Vlv.Cmd"
	"0x010D"	"Room1.Vlv.Pos"	"Room1.Vlv.Pos"
	"0x010D"	"Room1.Vlv3"	"Room1.Vlv3"
	"0x010D"	"Room1.Vlv3.RefIO"	"Room1.Vlv3.RefIO"
	"0x010D"	"Room1.Vlv3.Cmd"	"Room1.Vlv3.Cmd"
	"0x010D"	"Room1.Vlv3.Pos"	"Room1.Vlv3.Pos"
	"0x010D"	"Room1.Vlv4"	"Room1.Vlv4"
	"0x010D"	"Room1.Vlv4.RefIO"	"Room1.Vlv4.RefIO"
	"0x010D"	"Room1.Vlv4.Cmd"	"Room1.Vlv4.Cmd"
	"0x010D"	"Room1.Vlv4.Pos"	"Room1.Vlv4.Pos"
	"0x010D"	"Room1.Ime"	"Room1.Ime"
	"0x010D"	"Room2"	"Room2"
	"0x010D"	"Room2.TR"	"Room2.TR"
	"0x010D"	"Room2.TR.SpTiCom"	"Room2.TR.SpTiCom"
	"0x010D"	"Room2.TR.Val"	"Room2.TR.Val"
	"0x010D"	"Room2.CndMon2"	"Room2.CndMon2"
	"0x010D"	"Room2.CndMon2.RefIO"	"Room2.CndMon2.RefIO"
	"0x010D"	"Room2.CndMon2.Val"	"Room2.CndMon2.Val"
	"0x010D"	"Room2.CndMon"	"Room2.CndMon"
	"0x010D"	"Room2.CndMon.RefIO"	"Room2.CndMon.RefIO"
	"0x010D"	"Room2.CndMon.Val"	"Room2.CndMon.Val"
	"0x010D"	"Room2.CndMon3"	"Room2.CndMon3"
	"0x010D"	"Room2.CndMon3.RefIO"	"Room2.CndMon3.RefIO"
	"0x010D"	"Room2.CndMon3.Val"	"Room2.CndMon3.Val"
	"0x010D"	"Room2.CndMon4"	"Room2.CndMon4"
	"0x010D"	"Room2.CndMon4.RefIO"	"Room2.CndMon4.RefIO"
	"0x010D"	"Room2.CndMon4.Val"	"Room2.CndMon4.Val"
	"0x010D"	"Room2.OpModMan"	"Room2.OpModMan"
	"0x010D"	"Room2.ShedSel"	"Room2.ShedSel"
	"0x010D"	"Room2.SpTRPrt"	"Room2.SpTRPrt"
	"0x010D"	"Room2.SpTREco"	"Room2.SpTREco"
	"0x010D"	"Room2.SpTRCmf"	"Room2.SpTRCmf"
	"0x010D"	"Room2.PltMod"	"Room2.PltMod"
	"0x010D"	"Room2.VlvCtl"	"Room2.VlvCtl"
	"0x010D"	"Room2.VlvCtl.AggrMod"	"Room2.VlvCtl.AggrMod"
	"0x010D"	"Room2.VlvCtl.Low"	"Room2.VlvCtl.Low"
	"0x010D"	"Room2.VlvCtl.High"	"Room2.VlvCtl.High"
	"0x010D"	"Room2.VlvCtl.TiDly"	"Room2.VlvCtl.TiDly"
	"0x010D"	"Room2.VlvCtl.SwiOn"	"Room2.VlvCtl.SwiOn"
	"0x010D"	"Room2.VlvCtl.SwiOff"	"Room2.VlvCtl.SwiOff"
	"0x010D"	"Room2.VlvCtl.Ctl"	"Room2.VlvCtl.Ctl"
	"0x010D"	"Room2.Vlv2"	"Room2.Vlv2"
	"0x010D"	"Room2.Vlv2.RefIO"	"Room2.Vlv2.RefIO"
	"0x010D"	"Room2.Vlv2.Cmd"	"Room2.Vlv2.Cmd"
	"0x010D"	"Room2.Vlv2.Pos"	"Room2.Vlv2.Pos"
	"0x010D"	"Room2.Vlv"	"Room2.Vlv"
	"0x010D"	"Room2.Vlv.RefIO"	"Room2.Vlv.RefIO"
	"0x010D"	"Room2.Vlv.Cmd"	"Room2.Vlv.Cmd"
	"0x010D"	"Room2.Vlv.Pos"	"Room2.Vlv.Pos"
	"0x010D"	"Room2.Vlv3"	"Room2.Vlv3"
	"0x010D"	"Room2.Vlv3.RefIO"	"Room2.Vlv3.RefIO"
	"0x010D"	"Room2.Vlv3.Cmd"	"Room2.Vlv3.Cmd"
	"0x010D"	"Room2.Vlv3.Pos"	"Room2.Vlv3.Pos"
	"0x010D"	"Room2.Vlv4"	"Room2.Vlv4"
	"0x010D"	"Room2.Vlv4.RefIO"	"Room2.Vlv4.RefIO"
	"0x010D"	"Room2.Vlv4.Cmd"	"Room2.Vlv4.Cmd"
	"0x010D"	"Room2.Vlv4.Pos"	"Room2.Vlv4.Pos"
	"0x010D"	"Room2.Ime"	"Room2.Ime"
	"0x010D"	"Room3"	"Room3"
	"0x010D"	"Room3.TR"	"Room3.TR"
	"0x010D"	"Room3.TR.SpTiCom"	"Room3.TR.SpTiCom"
	"0x010D"	"Room3.TR.Val"	"Room3.TR.Val"
	"0x010D"	"Room3.CndMon2"	"Room3.CndMon2"
	"0x010D"	"Room3.CndMon2.RefIO"	"Room3.CndMon2.RefIO"
	"0x010D"	"Room3.CndMon2.Val"	"Room3.CndMon2.Val"
	"0x010D"	"Room3.CndMon"	"Room3.CndMon"
	"0x010D"	"Room3.CndMon.RefIO"	"Room3.CndMon.RefIO"
	"0x010D"	"Room3.CndMon.Val"	"Room3.CndMon.Val"
	"0x010D"	"Room3.CndMon3"	"Room3.CndMon3"
	"0x010D"	"Room3.CndMon3.RefIO"	"Room3.CndMon3.RefIO"
	"0x010D"	"Room3.CndMon3.Val"	"Room3.CndMon3.Val"
	"0x010D"	"Room3.CndMon4"	"Room3.CndMon4"
	"0x010D"	"Room3.CndMon4.RefIO"	"Room3.CndMon4.RefIO"
	"0x010D"	"Room3.CndMon4.Val"	"Room3.CndMon4.Val"
	"0x010D"	"Room3.OpModMan"	"Room3.OpModMan"
	"0x010D"	"Room3.ShedSel"	"Room3.ShedSel"
	"0x010D"	"Room3.SpTRPrt"	"Room3.SpTRPrt"
	"0x010D"	"Room3.SpTREco"	"Room3.SpTREco"
	"0x010D"	"Room3.SpTRCmf"	"Room3.SpTRCmf"
	"0x010D"	"Room3.PltMod"	"Room3.PltMod"
	"0x010D"	"Room3.VlvCtl"	"Room3.VlvCtl"
	"0x010D"	"Room3.VlvCtl.AggrMod"	"Room3.VlvCtl.AggrMod"
	"0x010D"	"Room3.VlvCtl.Low"	"Room3.VlvCtl.Low"
	"0x010D"	"Room3.VlvCtl.High"	"Room3.VlvCtl.High"
	"0x010D"	"Room3.VlvCtl.TiDly"	"Room3.VlvCtl.TiDly"
	"0x010D"	"Room3.VlvCtl.SwiOn"	"Room3.VlvCtl.SwiOn"
	"0x010D"	"Room3.VlvCtl.SwiOff"	"Room3.VlvCtl.SwiOff"
	"0x010D"	"Room3.VlvCtl.Ctl"	"Room3.VlvCtl.Ctl"
	"0x010D"	"Room3.Vlv2"	"Room3.Vlv2"
	"0x010D"	"Room3.Vlv2.RefIO"	"Room3.Vlv2.RefIO"
	"0x010D"	"Room3.Vlv2.Cmd"	"Room3.Vlv2.Cmd"
	"0x010D"	"Room3.Vlv2.Pos"	"Room3.Vlv2.Pos"
	"0x010D"	"Room3.Vlv"	"Room3.Vlv"
	"0x010D"	"Room3.Vlv.RefIO"	"Room3.Vlv.RefIO"
	"0x010D"	"Room3.Vlv.Cmd"	"Room3.Vlv.Cmd"
	"0x010D"	"Room3.Vlv.Pos"	"Room3.Vlv.Pos"
	"0x010D"	"Room3.Vlv3"	"Room3.Vlv3"
	"0x010D"	"Room3.Vlv3.RefIO"	"Room3.Vlv3.RefIO"
	"0x010D"	"Room3.Vlv3.Cmd"	"Room3.Vlv3.Cmd"
	"0x010D"	"Room3.Vlv3.Pos"	"Room3.Vlv3.Pos"
	"0x010D"	"Room3.Vlv4"	"Room3.Vlv4"
	"0x010D"	"Room3.Vlv4.RefIO"	"Room3.Vlv4.RefIO"
	"0x010D"	"Room3.Vlv4.Cmd"	"Room3.Vlv4.Cmd"
	"0x010D"	"Room3.Vlv4.Pos"	"Room3.Vlv4.Pos"
	"0x010D"	"Room3.Ime"	"Room3.Ime"
	"0x010D"	"Room4"	"Room4"
	"0x010D"	"Room4.TR"	"Room4.TR"
	"0x010D"	"Room4.TR.SpTiCom"	"Room4.TR.SpTiCom"
	"0x010D"	"Room4.TR.Val"	"Room4.TR.Val"
	"0x010D"	"Room4.CndMon2"	"Room4.CndMon2"
	"0x010D"	"Room4.CndMon2.RefIO"	"Room4.CndMon2.RefIO"
	"0x010D"	"Room4.CndMon2.Val"	"Room4.CndMon2.Val"
	"0x010D"	"Room4.CndMon"	"Room4.CndMon"
	"0x010D"	"Room4.CndMon.RefIO"	"Room4.CndMon.RefIO"
	"0x010D"	"Room4.CndMon.Val"	"Room4.CndMon.Val"
	"0x010D"	"Room4.CndMon3"	"Room4.CndMon3"
	"0x010D"	"Room4.CndMon3.RefIO"	"Room4.CndMon3.RefIO"
	"0x010D"	"Room4.CndMon3.Val"	"Room4.CndMon3.Val"
	"0x010D"	"Room4.CndMon4"	"Room4.CndMon4"
	"0x010D"	"Room4.CndMon4.RefIO"	"Room4.CndMon4.RefIO"
	"0x010D"	"Room4.CndMon4.Val"	"Room4.CndMon4.Val"
	"0x010D"	"Room4.OpModMan"	"Room4.OpModMan"
	"0x010D"	"Room4.ShedSel"	"Room4.ShedSel"
	"0x010D"	"Room4.SpTRPrt"	"Room4.SpTRPrt"
	"0x010D"	"Room4.SpTREco"	"Room4.SpTREco"
	"0x010D"	"Room4.SpTRCmf"	"Room4.SpTRCmf"
	"0x010D"	"Room4.PltMod"	"Room4.PltMod"
	"0x010D"	"Room4.VlvCtl"	"Room4.VlvCtl"
	"0x010D"	"Room4.VlvCtl.AggrMod"	"Room4.VlvCtl.AggrMod"
	"0x010D"	"Room4.VlvCtl.Low"	"Room4.VlvCtl.Low"
	"0x010D"	"Room4.VlvCtl.High"	"Room4.VlvCtl.High"
	"0x010D"	"Room4.VlvCtl.TiDly"	"Room4.VlvCtl.TiDly"
	"0x010D"	"Room4.VlvCtl.SwiOn"	"Room4.VlvCtl.SwiOn"
	"0x010D"	"Room4.VlvCtl.SwiOff"	"Room4.VlvCtl.SwiOff"
	"0x010D"	"Room4.VlvCtl.Ctl"	"Room4.VlvCtl.Ctl"
	"0x010D"	"Room4.Vlv2"	"Room4.Vlv2"
	"0x010D"	"Room4.Vlv2.RefIO"	"Room4.Vlv2.RefIO"
	"0x010D"	"Room4.Vlv2.Cmd"	"Room4.Vlv2.Cmd"
	"0x010D"	"Room4.Vlv2.Pos"	"Room4.Vlv2.Pos"
	"0x010D"	"Room4.Vlv"	"Room4.Vlv"
	"0x010D"	"Room4.Vlv.RefIO"	"Room4.Vlv.RefIO"
	"0x010D"	"Room4.Vlv.Cmd"	"Room4.Vlv.Cmd"
	"0x010D"	"Room4.Vlv.Pos"	"Room4.Vlv.Pos"
	"0x010D"	"Room4.Vlv3"	"Room4.Vlv3"
	"0x010D"	"Room4.Vlv3.RefIO"	"Room4.Vlv3.RefIO"
	"0x010D"	"Room4.Vlv3.Cmd"	"Room4.Vlv3.Cmd"
	"0x010D"	"Room4.Vlv3.Pos"	"Room4.Vlv3.Pos"
	"0x010D"	"Room4.Vlv4"	"Room4.Vlv4"
	"0x010D"	"Room4.Vlv4.RefIO"	"Room4.Vlv4.RefIO"
	"0x010D"	"Room4.Vlv4.Cmd"	"Room4.Vlv4.Cmd"
	"0x010D"	"Room4.Vlv4.Pos"	"Room4.Vlv4.Pos"
	"0x010D"	"Room4.Ime"	"Room4.Ime"
	"0x010D"	"Room5"	"Room5"
	"0x010D"	"Room5.TR"	"Room5.TR"
	"0x010D"	"Room5.TR.SpTiCom"	"Room5.TR.SpTiCom"
	"0x010D"	"Room5.TR.Val"	"Room5.TR.Val"
	"0x010D"	"Room5.CndMon2"	"Room5.CndMon2"
	"0x010D"	"Room5.CndMon2.RefIO"	"Room5.CndMon2.RefIO"
	"0x010D"	"Room5.CndMon2.Val"	"Room5.CndMon2.Val"
	"0x010D"	"Room5.CndMon"	"Room5.CndMon"
	"0x010D"	"Room5.CndMon.RefIO"	"Room5.CndMon.RefIO"
	"0x010D"	"Room5.CndMon.Val"	"Room5.CndMon.Val"
	"0x010D"	"Room5.CndMon3"	"Room5.CndMon3"
	"0x010D"	"Room5.CndMon3.RefIO"	"Room5.CndMon3.RefIO"
	"0x010D"	"Room5.CndMon3.Val"	"Room5.CndMon3.Val"
	"0x010D"	"Room5.CndMon4"	"Room5.CndMon4"
	"0x010D"	"Room5.CndMon4.RefIO"	"Room5.CndMon4.RefIO"
	"0x010D"	"Room5.CndMon4.Val"	"Room5.CndMon4.Val"
	"0x010D"	"Room5.OpModMan"	"Room5.OpModMan"
	"0x010D"	"Room5.ShedSel"	"Room5.ShedSel"
	"0x010D"	"Room5.SpTRPrt"	"Room5.SpTRPrt"
	"0x010D"	"Room5.SpTREco"	"Room5.SpTREco"
	"0x010D"	"Room5.SpTRCmf"	"Room5.SpTRCmf"
	"0x010D"	"Room5.PltMod"	"Room5.PltMod"
	"0x010D"	"Room5.VlvCtl"	"Room5.VlvCtl"
	"0x010D"	"Room5.VlvCtl.AggrMod"	"Room5.VlvCtl.AggrMod"
	"0x010D"	"Room5.VlvCtl.Low"	"Room5.VlvCtl.Low"
	"0x010D"	"Room5.VlvCtl.High"	"Room5.VlvCtl.High"
	"0x010D"	"Room5.VlvCtl.TiDly"	"Room5.VlvCtl.TiDly"
	"0x010D"	"Room5.VlvCtl.SwiOn"	"Room5.VlvCtl.SwiOn"
	"0x010D"	"Room5.VlvCtl.SwiOff"	"Room5.VlvCtl.SwiOff"
	"0x010D"	"Room5.VlvCtl.Ctl"	"Room5.VlvCtl.Ctl"
	"0x010D"	"Room5.Vlv2"	"Room5.Vlv2"
	"0x010D"	"Room5.Vlv2.RefIO"	"Room5.Vlv2.RefIO"
	"0x010D"	"Room5.Vlv2.Cmd"	"Room5.Vlv2.Cmd"
	"0x010D"	"Room5.Vlv2.Pos"	"Room5.Vlv2.Pos"
	"0x010D"	"Room5.Vlv"	"Room5.Vlv"
	"0x010D"	"Room5.Vlv.RefIO"	"Room5.Vlv.RefIO"
	"0x010D"	"Room5.Vlv.Cmd"	"Room5.Vlv.Cmd"
	"0x010D"	"Room5.Vlv.Pos"	"Room5.Vlv.Pos"
	"0x010D"	"Room5.Vlv3"	"Room5.Vlv3"
	"0x010D"	"Room5.Vlv3.RefIO"	"Room5.Vlv3.RefIO"
	"0x010D"	"Room5.Vlv3.Cmd"	"Room5.Vlv3.Cmd"
	"0x010D"	"Room5.Vlv3.Pos"	"Room5.Vlv3.Pos"
	"0x010D"	"Room5.Vlv4"	"Room5.Vlv4"
	"0x010D"	"Room5.Vlv4.RefIO"	"Room5.Vlv4.RefIO"
	"0x010D"	"Room5.Vlv4.Cmd"	"Room5.Vlv4.Cmd"
	"0x010D"	"Room5.Vlv4.Pos"	"Room5.Vlv4.Pos"
	"0x010D"	"Room5.Ime"	"Room5.Ime"
	"0x010D"	"Room6"	"Room6"
	"0x010D"	"Room6.TR"	"Room6.TR"
	"0x010D"	"Room6.TR.SpTiCom"	"Room6.TR.SpTiCom"
	"0x010D"	"Room6.TR.Val"	"Room6.TR.Val"
	"0x010D"	"Room6.CndMon2"	"Room6.CndMon2"
	"0x010D"	"Room6.CndMon2.RefIO"	"Room6.CndMon2.RefIO"
	"0x010D"	"Room6.CndMon2.Val"	"Room6.CndMon2.Val"
	"0x010D"	"Room6.CndMon"	"Room6.CndMon"
	"0x010D"	"Room6.CndMon.RefIO"	"Room6.CndMon.RefIO"
	"0x010D"	"Room6.CndMon.Val"	"Room6.CndMon.Val"
	"0x010D"	"Room6.CndMon3"	"Room6.CndMon3"
	"0x010D"	"Room6.CndMon3.RefIO"	"Room6.CndMon3.RefIO"
	"0x010D"	"Room6.CndMon3.Val"	"Room6.CndMon3.Val"
	"0x010D"	"Room6.CndMon4"	"Room6.CndMon4"
	"0x010D"	"Room6.CndMon4.RefIO"	"Room6.CndMon4.RefIO"
	"0x010D"	"Room6.CndMon4.Val"	"Room6.CndMon4.Val"
	"0x010D"	"Room6.OpModMan"	"Room6.OpModMan"
	"0x010D"	"Room6.ShedSel"	"Room6.ShedSel"
	"0x010D"	"Room6.SpTRPrt"	"Room6.SpTRPrt"
	"0x010D"	"Room6.SpTREco"	"Room6.SpTREco"
	"0x010D"	"Room6.SpTRCmf"	"Room6.SpTRCmf"
	"0x010D"	"Room6.PltMod"	"Room6.PltMod"
	"0x010D"	"Room6.VlvCtl"	"Room6.VlvCtl"
	"0x010D"	"Room6.VlvCtl.AggrMod"	"Room6.VlvCtl.AggrMod"
	"0x010D"	"Room6.VlvCtl.Low"	"Room6.VlvCtl.Low"
	"0x010D"	"Room6.VlvCtl.High"	"Room6.VlvCtl.High"
	"0x010D"	"Room6.VlvCtl.TiDly"	"Room6.VlvCtl.TiDly"
	"0x010D"	"Room6.VlvCtl.SwiOn"	"Room6.VlvCtl.SwiOn"
	"0x010D"	"Room6.VlvCtl.SwiOff"	"Room6.VlvCtl.SwiOff"
	"0x010D"	"Room6.VlvCtl.Ctl"	"Room6.VlvCtl.Ctl"
	"0x010D"	"Room6.Vlv2"	"Room6.Vlv2"
	"0x010D"	"Room6.Vlv2.RefIO"	"Room6.Vlv2.RefIO"
	"0x010D"	"Room6.Vlv2.Cmd"	"Room6.Vlv2.Cmd"
	"0x010D"	"Room6.Vlv2.Pos"	"Room6.Vlv2.Pos"
	"0x010D"	"Room6.Vlv"	"Room6.Vlv"
	"0x010D"	"Room6.Vlv.RefIO"	"Room6.Vlv.RefIO"
	"0x010D"	"Room6.Vlv.Cmd"	"Room6.Vlv.Cmd"
	"0x010D"	"Room6.Vlv.Pos"	"Room6.Vlv.Pos"
	"0x010D"	"Room6.Vlv3"	"Room6.Vlv3"
	"0x010D"	"Room6.Vlv3.RefIO"	"Room6.Vlv3.RefIO"
	"0x010D"	"Room6.Vlv3.Cmd"	"Room6.Vlv3.Cmd"
	"0x010D"	"Room6.Vlv3.Pos"	"Room6.Vlv3.Pos"
	"0x010D"	"Room6.Vlv4"	"Room6.Vlv4"
	"0x010D"	"Room6.Vlv4.RefIO"	"Room6.Vlv4.RefIO"
	"0x010D"	"Room6.Vlv4.Cmd"	"Room6.Vlv4.Cmd"
	"0x010D"	"Room6.Vlv4.Pos"	"Room6.Vlv4.Pos"
	"0x010D"	"Room6.Ime"	"Room6.Ime"
	"0x010D"	"Room7"	"Room7"
	"0x010D"	"Room7.TR"	"Room7.TR"
	"0x010D"	"Room7.TR.SpTiCom"	"Room7.TR.SpTiCom"
	"0x010D"	"Room7.TR.Val"	"Room7.TR.Val"
	"0x010D"	"Room7.CndMon2"	"Room7.CndMon2"
	"0x010D"	"Room7.CndMon2.RefIO"	"Room7.CndMon2.RefIO"
	"0x010D"	"Room7.CndMon2.Val"	"Room7.CndMon2.Val"
	"0x010D"	"Room7.CndMon"	"Room7.CndMon"
	"0x010D"	"Room7.CndMon.RefIO"	"Room7.CndMon.RefIO"
	"0x010D"	"Room7.CndMon.Val"	"Room7.CndMon.Val"
	"0x010D"	"Room7.CndMon3"	"Room7.CndMon3"
	"0x010D"	"Room7.CndMon3.RefIO"	"Room7.CndMon3.RefIO"
	"0x010D"	"Room7.CndMon3.Val"	"Room7.CndMon3.Val"
	"0x010D"	"Room7.CndMon4"	"Room7.CndMon4"
	"0x010D"	"Room7.CndMon4.RefIO"	"Room7.CndMon4.RefIO"
	"0x010D"	"Room7.CndMon4.Val"	"Room7.CndMon4.Val"
	"0x010D"	"Room7.OpModMan"	"Room7.OpModMan"
	"0x010D"	"Room7.ShedSel"	"Room7.ShedSel"
	"0x010D"	"Room7.SpTRPrt"	"Room7.SpTRPrt"
	"0x010D"	"Room7.SpTREco"	"Room7.SpTREco"
	"0x010D"	"Room7.SpTRCmf"	"Room7.SpTRCmf"
	"0x010D"	"Room7.PltMod"	"Room7.PltMod"
	"0x010D"	"Room7.VlvCtl"	"Room7.VlvCtl"
	"0x010D"	"Room7.VlvCtl.AggrMod"	"Room7.VlvCtl.AggrMod"
	"0x010D"	"Room7.VlvCtl.Low"	"Room7.VlvCtl.Low"
	"0x010D"	"Room7.VlvCtl.High"	"Room7.VlvCtl.High"
	"0x010D"	"Room7.VlvCtl.TiDly"	"Room7.VlvCtl.TiDly"
	"0x010D"	"Room7.VlvCtl.SwiOn"	"Room7.VlvCtl.SwiOn"
	"0x010D"	"Room7.VlvCtl.SwiOff"	"Room7.VlvCtl.SwiOff"
	"0x010D"	"Room7.VlvCtl.Ctl"	"Room7.VlvCtl.Ctl"
	"0x010D"	"Room7.Vlv2"	"Room7.Vlv2"
	"0x010D"	"Room7.Vlv2.RefIO"	"Room7.Vlv2.RefIO"
	"0x010D"	"Room7.Vlv2.Cmd"	"Room7.Vlv2.Cmd"
	"0x010D"	"Room7.Vlv2.Pos"	"Room7.Vlv2.Pos"
	"0x010D"	"Room7.Vlv"	"Room7.Vlv"
	"0x010D"	"Room7.Vlv.RefIO"	"Room7.Vlv.RefIO"
	"0x010D"	"Room7.Vlv.Cmd"	"Room7.Vlv.Cmd"
	"0x010D"	"Room7.Vlv.Pos"	"Room7.Vlv.Pos"
	"0x010D"	"Room7.Vlv3"	"Room7.Vlv3"
	"0x010D"	"Room7.Vlv3.RefIO"	"Room7.Vlv3.RefIO"
	"0x010D"	"Room7.Vlv3.Cmd"	"Room7.Vlv3.Cmd"
	"0x010D"	"Room7.Vlv3.Pos"	"Room7.Vlv3.Pos"
	"0x010D"	"Room7.Vlv4"	"Room7.Vlv4"
	"0x010D"	"Room7.Vlv4.RefIO"	"Room7.Vlv4.RefIO"
	"0x010D"	"Room7.Vlv4.Cmd"	"Room7.Vlv4.Cmd"
	"0x010D"	"Room7.Vlv4.Pos"	"Room7.Vlv4.Pos"
	"0x010D"	"Room7.Ime"	"Room7.Ime"
	"0x010D"	"Room8"	"Room8"
	"0x010D"	"Room8.TR"	"Room8.TR"
	"0x010D"	"Room8.TR.SpTiCom"	"Room8.TR.SpTiCom"
	"0x010D"	"Room8.TR.Val"	"Room8.TR.Val"
	"0x010D"	"Room8.CndMon2"	"Room8.CndMon2"
	"0x010D"	"Room8.CndMon2.RefIO"	"Room8.CndMon2.RefIO"
	"0x010D"	"Room8.CndMon2.Val"	"Room8.CndMon2.Val"
	"0x010D"	"Room8.CndMon"	"Room8.CndMon"
	"0x010D"	"Room8.CndMon.RefIO"	"Room8.CndMon.RefIO"
	"0x010D"	"Room8.CndMon.Val"	"Room8.CndMon.Val"
	"0x010D"	"Room8.CndMon3"	"Room8.CndMon3"
	"0x010D"	"Room8.CndMon3.RefIO"	"Room8.CndMon3.RefIO"
	"0x010D"	"Room8.CndMon3.Val"	"Room8.CndMon3.Val"
	"0x010D"	"Room8.CndMon4"	"Room8.CndMon4"
	"0x010D"	"Room8.CndMon4.RefIO"	"Room8.CndMon4.RefIO"
	"0x010D"	"Room8.CndMon4.Val"	"Room8.CndMon4.Val"
	"0x010D"	"Room8.OpModMan"	"Room8.OpModMan"
	"0x010D"	"Room8.ShedSel"	"Room8.ShedSel"
	"0x010D"	"Room8.SpTRPrt"	"Room8.SpTRPrt"
	"0x010D"	"Room8.SpTREco"	"Room8.SpTREco"
	"0x010D"	"Room8.SpTRCmf"	"Room8.SpTRCmf"
	"0x010D"	"Room8.PltMod"	"Room8.PltMod"
	"0x010D"	"Room8.VlvCtl"	"Room8.VlvCtl"
	"0x010D"	"Room8.VlvCtl.AggrMod"	"Room8.VlvCtl.AggrMod"
	"0x010D"	"Room8.VlvCtl.Low"	"Room8.VlvCtl.Low"
	"0x010D"	"Room8.VlvCtl.High"	"Room8.VlvCtl.High"
	"0x010D"	"Room8.VlvCtl.TiDly"	"Room8.VlvCtl.TiDly"
	"0x010D"	"Room8.VlvCtl.SwiOn"	"Room8.VlvCtl.SwiOn"
	"0x010D"	"Room8.VlvCtl.SwiOff"	"Room8.VlvCtl.SwiOff"
	"0x010D"	"Room8.VlvCtl.Ctl"	"Room8.VlvCtl.Ctl"
	"0x010D"	"Room8.Vlv2"	"Room8.Vlv2"
	"0x010D"	"Room8.Vlv2.RefIO"	"Room8.Vlv2.RefIO"
	"0x010D"	"Room8.Vlv2.Cmd"	"Room8.Vlv2.Cmd"
	"0x010D"	"Room8.Vlv2.Pos"	"Room8.Vlv2.Pos"
	"0x010D"	"Room8.Vlv"	"Room8.Vlv"
	"0x010D"	"Room8.Vlv.RefIO"	"Room8.Vlv.RefIO"
	"0x010D"	"Room8.Vlv.Cmd"	"Room8.Vlv.Cmd"
	"0x010D"	"Room8.Vlv.Pos"	"Room8.Vlv.Pos"
	"0x010D"	"Room8.Vlv3"	"Room8.Vlv3"
	"0x010D"	"Room8.Vlv3.RefIO"	"Room8.Vlv3.RefIO"
	"0x010D"	"Room8.Vlv3.Cmd"	"Room8.Vlv3.Cmd"
	"0x010D"	"Room8.Vlv3.Pos"	"Room8.Vlv3.Pos"
	"0x010D"	"Room8.Vlv4"	"Room8.Vlv4"
	"0x010D"	"Room8.Vlv4.RefIO"	"Room8.Vlv4.RefIO"
	"0x010D"	"Room8.Vlv4.Cmd"	"Room8.Vlv4.Cmd"
	"0x010D"	"Room8.Vlv4.Pos"	"Room8.Vlv4.Pos"
	"0x010D"	"Room8.Ime"	"Room8.Ime"
	"0x010D"	"Room9"	"Room9"
	"0x010D"	"Room9.TR"	"Room9.TR"
	"0x010D"	"Room9.TR.SpTiCom"	"Room9.TR.SpTiCom"
	"0x010D"	"Room9.TR.Val"	"Room9.TR.Val"
	"0x010D"	"Room9.CndMon2"	"Room9.CndMon2"
	"0x010D"	"Room9.CndMon2.RefIO"	"Room9.CndMon2.RefIO"
	"0x010D"	"Room9.CndMon2.Val"	"Room9.CndMon2.Val"
	"0x010D"	"Room9.CndMon"	"Room9.CndMon"
	"0x010D"	"Room9.CndMon.RefIO"	"Room9.CndMon.RefIO"
	"0x010D"	"Room9.CndMon.Val"	"Room9.CndMon.Val"
	"0x010D"	"Room9.CndMon3"	"Room9.CndMon3"
	"0x010D"	"Room9.CndMon3.RefIO"	"Room9.CndMon3.RefIO"
	"0x010D"	"Room9.CndMon3.Val"	"Room9.CndMon3.Val"
	"0x010D"	"Room9.CndMon4"	"Room9.CndMon4"
	"0x010D"	"Room9.CndMon4.RefIO"	"Room9.CndMon4.RefIO"
	"0x010D"	"Room9.CndMon4.Val"	"Room9.CndMon4.Val"
	"0x010D"	"Room9.OpModMan"	"Room9.OpModMan"
	"0x010D"	"Room9.ShedSel"	"Room9.ShedSel"
	"0x010D"	"Room9.SpTRPrt"	"Room9.SpTRPrt"
	"0x010D"	"Room9.SpTREco"	"Room9.SpTREco"
	"0x010D"	"Room9.SpTRCmf"	"Room9.SpTRCmf"
	"0x010D"	"Room9.PltMod"	"Room9.PltMod"
	"0x010D"	"Room9.VlvCtl"	"Room9.VlvCtl"
	"0x010D"	"Room9.VlvCtl.AggrMod"	"Room9.VlvCtl.AggrMod"
	"0x010D"	"Room9.VlvCtl.Low"	"Room9.VlvCtl.Low"
	"0x010D"	"Room9.VlvCtl.High"	"Room9.VlvCtl.High"
	"0x010D"	"Room9.VlvCtl.TiDly"	"Room9.VlvCtl.TiDly"
	"0x010D"	"Room9.VlvCtl.SwiOn"	"Room9.VlvCtl.SwiOn"
	"0x010D"	"Room9.VlvCtl.SwiOff"	"Room9.VlvCtl.SwiOff"
	"0x010D"	"Room9.VlvCtl.Ctl"	"Room9.VlvCtl.Ctl"
	"0x010D"	"Room9.Vlv2"	"Room9.Vlv2"
	"0x010D"	"Room9.Vlv2.RefIO"	"Room9.Vlv2.RefIO"
	"0x010D"	"Room9.Vlv2.Cmd"	"Room9.Vlv2.Cmd"
	"0x010D"	"Room9.Vlv2.Pos"	"Room9.Vlv2.Pos"
	"0x010D"	"Room9.Vlv"	"Room9.Vlv"
	"0x010D"	"Room9.Vlv.RefIO"	"Room9.Vlv.RefIO"
	"0x010D"	"Room9.Vlv.Cmd"	"Room9.Vlv.Cmd"
	"0x010D"	"Room9.Vlv.Pos"	"Room9.Vlv.Pos"
	"0x010D"	"Room9.Vlv3"	"Room9.Vlv3"
	"0x010D"	"Room9.Vlv3.RefIO"	"Room9.Vlv3.RefIO"
	"0x010D"	"Room9.Vlv3.Cmd"	"Room9.Vlv3.Cmd"
	"0x010D"	"Room9.Vlv3.Pos"	"Room9.Vlv3.Pos"
	"0x010D"	"Room9.Vlv4"	"Room9.Vlv4"
	"0x010D"	"Room9.Vlv4.RefIO"	"Room9.Vlv4.RefIO"
	"0x010D"	"Room9.Vlv4.Cmd"	"Room9.Vlv4.Cmd"
	"0x010D"	"Room9.Vlv4.Pos"	"Room9.Vlv4.Pos"
	"0x010D"	"Room9.Ime"	"Room9.Ime"
	"0x010D"	"Room10"	"Room10"
	"0x010D"	"Room10.TR"	"Room10.TR"
	"0x010D"	"Room10.TR.SpTiCom"	"Room10.TR.SpTiCom"
	"0x010D"	"Room10.TR.Val"	"Room10.TR.Val"
	"0x010D"	"Room10.CndMon2"	"Room10.CndMon2"
	"0x010D"	"Room10.CndMon2.RefIO"	"Room10.CndMon2.RefIO"
	"0x010D"	"Room10.CndMon2.Val"	"Room10.CndMon2.Val"
	"0x010D"	"Room10.CndMon"	"Room10.CndMon"
	"0x010D"	"Room10.CndMon.RefIO"	"Room10.CndMon.RefIO"
	"0x010D"	"Room10.CndMon.Val"	"Room10.CndMon.Val"
	"0x010D"	"Room10.CndMon3"	"Room10.CndMon3"
	"0x010D"	"Room10.CndMon3.RefIO"	"Room10.CndMon3.RefIO"
	"0x010D"	"Room10.CndMon3.Val"	"Room10.CndMon3.Val"
	"0x010D"	"Room10.CndMon4"	"Room10.CndMon4"
	"0x010D"	"Room10.CndMon4.RefIO"	"Room10.CndMon4.RefIO"
	"0x010D"	"Room10.CndMon4.Val"	"Room10.CndMon4.Val"
	"0x010D"	"Room10.OpModMan"	"Room10.OpModMan"
	"0x010D"	"Room10.ShedSel"	"Room10.ShedSel"
	"0x010D"	"Room10.SpTRPrt"	"Room10.SpTRPrt"
	"0x010D"	"Room10.SpTREco"	"Room10.SpTREco"
	"0x010D"	"Room10.SpTRCmf"	"Room10.SpTRCmf"
	"0x010D"	"Room10.PltMod"	"Room10.PltMod"
	"0x010D"	"Room10.VlvCtl"	"Room10.VlvCtl"
	"0x010D"	"Room10.VlvCtl.AggrMod"	"Room10.VlvCtl.AggrMod"
	"0x010D"	"Room10.VlvCtl.Low"	"Room10.VlvCtl.Low"
	"0x010D"	"Room10.VlvCtl.High"	"Room10.VlvCtl.High"
	"0x010D"	"Room10.VlvCtl.TiDly"	"Room10.VlvCtl.TiDly"
	"0x010D"	"Room10.VlvCtl.SwiOn"	"Room10.VlvCtl.SwiOn"
	"0x010D"	"Room10.VlvCtl.SwiOff"	"Room10.VlvCtl.SwiOff"
	"0x010D"	"Room10.VlvCtl.Ctl"	"Room10.VlvCtl.Ctl"
	"0x010D"	"Room10.Vlv2"	"Room10.Vlv2"
	"0x010D"	"Room10.Vlv2.RefIO"	"Room10.Vlv2.RefIO"
	"0x010D"	"Room10.Vlv2.Cmd"	"Room10.Vlv2.Cmd"
	"0x010D"	"Room10.Vlv2.Pos"	"Room10.Vlv2.Pos"
	"0x010D"	"Room10.Vlv"	"Room10.Vlv"
	"0x010D"	"Room10.Vlv.RefIO"	"Room10.Vlv.RefIO"
	"0x010D"	"Room10.Vlv.Cmd"	"Room10.Vlv.Cmd"
	"0x010D"	"Room10.Vlv.Pos"	"Room10.Vlv.Pos"
	"0x010D"	"Room10.Vlv3"	"Room10.Vlv3"
	"0x010D"	"Room10.Vlv3.RefIO"	"Room10.Vlv3.RefIO"
	"0x010D"	"Room10.Vlv3.Cmd"	"Room10.Vlv3.Cmd"
	"0x010D"	"Room10.Vlv3.Pos"	"Room10.Vlv3.Pos"
	"0x010D"	"Room10.Vlv4"	"Room10.Vlv4"
	"0x010D"	"Room10.Vlv4.RefIO"	"Room10.Vlv4.RefIO"
	"0x010D"	"Room10.Vlv4.Cmd"	"Room10.Vlv4.Cmd"
	"0x010D"	"Room10.Vlv4.Pos"	"Room10.Vlv4.Pos"
	"0x010D"	"Room10.Ime"	"Room10.Ime"
	"0x010D"	"Room11"	"Room11"
	"0x010D"	"Room11.TR"	"Room11.TR"
	"0x010D"	"Room11.TR.SpTiCom"	"Room11.TR.SpTiCom"
	"0x010D"	"Room11.TR.Val"	"Room11.TR.Val"
	"0x010D"	"Room11.CndMon2"	"Room11.CndMon2"
	"0x010D"	"Room11.CndMon2.RefIO"	"Room11.CndMon2.RefIO"
	"0x010D"	"Room11.CndMon2.Val"	"Room11.CndMon2.Val"
	"0x010D"	"Room11.CndMon"	"Room11.CndMon"
	"0x010D"	"Room11.CndMon.RefIO"	"Room11.CndMon.RefIO"
	"0x010D"	"Room11.CndMon.Val"	"Room11.CndMon.Val"
	"0x010D"	"Room11.CndMon3"	"Room11.CndMon3"
	"0x010D"	"Room11.CndMon3.RefIO"	"Room11.CndMon3.RefIO"
	"0x010D"	"Room11.CndMon3.Val"	"Room11.CndMon3.Val"
	"0x010D"	"Room11.CndMon4"	"Room11.CndMon4"
	"0x010D"	"Room11.CndMon4.RefIO"	"Room11.CndMon4.RefIO"
	"0x010D"	"Room11.CndMon4.Val"	"Room11.CndMon4.Val"
	"0x010D"	"Room11.OpModMan"	"Room11.OpModMan"
	"0x010D"	"Room11.ShedSel"	"Room11.ShedSel"
	"0x010D"	"Room11.SpTRPrt"	"Room11.SpTRPrt"
	"0x010D"	"Room11.SpTREco"	"Room11.SpTREco"
	"0x010D"	"Room11.SpTRCmf"	"Room11.SpTRCmf"
	"0x010D"	"Room11.PltMod"	"Room11.PltMod"
	"0x010D"	"Room11.VlvCtl"	"Room11.VlvCtl"
	"0x010D"	"Room11.VlvCtl.AggrMod"	"Room11.VlvCtl.AggrMod"
	"0x010D"	"Room11.VlvCtl.Low"	"Room11.VlvCtl.Low"
	"0x010D"	"Room11.VlvCtl.High"	"Room11.VlvCtl.High"
	"0x010D"	"Room11.VlvCtl.TiDly"	"Room11.VlvCtl.TiDly"
	"0x010D"	"Room11.VlvCtl.SwiOn"	"Room11.VlvCtl.SwiOn"
	"0x010D"	"Room11.VlvCtl.SwiOff"	"Room11.VlvCtl.SwiOff"
	"0x010D"	"Room11.VlvCtl.Ctl"	"Room11.VlvCtl.Ctl"
	"0x010D"	"Room11.Vlv2"	"Room11.Vlv2"
	"0x010D"	"Room11.Vlv2.RefIO"	"Room11.Vlv2.RefIO"
	"0x010D"	"Room11.Vlv2.Cmd"	"Room11.Vlv2.Cmd"
	"0x010D"	"Room11.Vlv2.Pos"	"Room11.Vlv2.Pos"
	"0x010D"	"Room11.Vlv"	"Room11.Vlv"
	"0x010D"	"Room11.Vlv.RefIO"	"Room11.Vlv.RefIO"
	"0x010D"	"Room11.Vlv.Cmd"	"Room11.Vlv.Cmd"
	"0x010D"	"Room11.Vlv.Pos"	"Room11.Vlv.Pos"
	"0x010D"	"Room11.Vlv3"	"Room11.Vlv3"
	"0x010D"	"Room11.Vlv3.RefIO"	"Room11.Vlv3.RefIO"
	"0x010D"	"Room11.Vlv3.Cmd"	"Room11.Vlv3.Cmd"
	"0x010D"	"Room11.Vlv3.Pos"	"Room11.Vlv3.Pos"
	"0x010D"	"Room11.Vlv4"	"Room11.Vlv4"
	"0x010D"	"Room11.Vlv4.RefIO"	"Room11.Vlv4.RefIO"
	"0x010D"	"Room11.Vlv4.Cmd"	"Room11.Vlv4.Cmd"
	"0x010D"	"Room11.Vlv4.Pos"	"Room11.Vlv4.Pos"
	"0x010D"	"Room11.Ime"	"Room11.Ime"
	"0x010D"	"Room12"	"Room12"
	"0x010D"	"Room12.TR"	"Room12.TR"
	"0x010D"	"Room12.TR.SpTiCom"	"Room12.TR.SpTiCom"
	"0x010D"	"Room12.TR.Val"	"Room12.TR.Val"
	"0x010D"	"Room12.CndMon2"	"Room12.CndMon2"
	"0x010D"	"Room12.CndMon2.RefIO"	"Room12.CndMon2.RefIO"
	"0x010D"	"Room12.CndMon2.Val"	"Room12.CndMon2.Val"
	"0x010D"	"Room12.CndMon"	"Room12.CndMon"
	"0x010D"	"Room12.CndMon.RefIO"	"Room12.CndMon.RefIO"
	"0x010D"	"Room12.CndMon.Val"	"Room12.CndMon.Val"
	"0x010D"	"Room12.CndMon3"	"Room12.CndMon3"
	"0x010D"	"Room12.CndMon3.RefIO"	"Room12.CndMon3.RefIO"
	"0x010D"	"Room12.CndMon3.Val"	"Room12.CndMon3.Val"
	"0x010D"	"Room12.CndMon4"	"Room12.CndMon4"
	"0x010D"	"Room12.CndMon4.RefIO"	"Room12.CndMon4.RefIO"
	"0x010D"	"Room12.CndMon4.Val"	"Room12.CndMon4.Val"
	"0x010D"	"Room12.OpModMan"	"Room12.OpModMan"
	"0x010D"	"Room12.ShedSel"	"Room12.ShedSel"
	"0x010D"	"Room12.SpTRPrt"	"Room12.SpTRPrt"
	"0x010D"	"Room12.SpTREco"	"Room12.SpTREco"
	"0x010D"	"Room12.SpTRCmf"	"Room12.SpTRCmf"
	"0x010D"	"Room12.PltMod"	"Room12.PltMod"
	"0x010D"	"Room12.VlvCtl"	"Room12.VlvCtl"
	"0x010D"	"Room12.VlvCtl.AggrMod"	"Room12.VlvCtl.AggrMod"
	"0x010D"	"Room12.VlvCtl.Low"	"Room12.VlvCtl.Low"
	"0x010D"	"Room12.VlvCtl.High"	"Room12.VlvCtl.High"
	"0x010D"	"Room12.VlvCtl.TiDly"	"Room12.VlvCtl.TiDly"
	"0x010D"	"Room12.VlvCtl.SwiOn"	"Room12.VlvCtl.SwiOn"
	"0x010D"	"Room12.VlvCtl.SwiOff"	"Room12.VlvCtl.SwiOff"
	"0x010D"	"Room12.VlvCtl.Ctl"	"Room12.VlvCtl.Ctl"
	"0x010D"	"Room12.Vlv2"	"Room12.Vlv2"
	"0x010D"	"Room12.Vlv2.RefIO"	"Room12.Vlv2.RefIO"
	"0x010D"	"Room12.Vlv2.Cmd"	"Room12.Vlv2.Cmd"
	"0x010D"	"Room12.Vlv2.Pos"	"Room12.Vlv2.Pos"
	"0x010D"	"Room12.Vlv"	"Room12.Vlv"
	"0x010D"	"Room12.Vlv.RefIO"	"Room12.Vlv.RefIO"
	"0x010D"	"Room12.Vlv.Cmd"	"Room12.Vlv.Cmd"
	"0x010D"	"Room12.Vlv.Pos"	"Room12.Vlv.Pos"
	"0x010D"	"Room12.Vlv3"	"Room12.Vlv3"
	"0x010D"	"Room12.Vlv3.RefIO"	"Room12.Vlv3.RefIO"
	"0x010D"	"Room12.Vlv3.Cmd"	"Room12.Vlv3.Cmd"
	"0x010D"	"Room12.Vlv3.Pos"	"Room12.Vlv3.Pos"
	"0x010D"	"Room12.Vlv4"	"Room12.Vlv4"
	"0x010D"	"Room12.Vlv4.RefIO"	"Room12.Vlv4.RefIO"
	"0x010D"	"Room12.Vlv4.Cmd"	"Room12.Vlv4.Cmd"
	"0x010D"	"Room12.Vlv4.Pos"	"Room12.Vlv4.Pos"
	"0x010D"	"Room12.Ime"	"Room12.Ime"
	"0x010D"	"Room13"	"Room13"
	"0x010D"	"Room13.TR"	"Room13.TR"
	"0x010D"	"Room13.TR.SpTiCom"	"Room13.TR.SpTiCom"
	"0x010D"	"Room13.TR.Val"	"Room13.TR.Val"
	"0x010D"	"Room13.CndMon2"	"Room13.CndMon2"
	"0x010D"	"Room13.CndMon2.RefIO"	"Room13.CndMon2.RefIO"
	"0x010D"	"Room13.CndMon2.Val"	"Room13.CndMon2.Val"
	"0x010D"	"Room13.CndMon"	"Room13.CndMon"
	"0x010D"	"Room13.CndMon.RefIO"	"Room13.CndMon.RefIO"
	"0x010D"	"Room13.CndMon.Val"	"Room13.CndMon.Val"
	"0x010D"	"Room13.CndMon3"	"Room13.CndMon3"
	"0x010D"	"Room13.CndMon3.RefIO"	"Room13.CndMon3.RefIO"
	"0x010D"	"Room13.CndMon3.Val"	"Room13.CndMon3.Val"
	"0x010D"	"Room13.CndMon4"	"Room13.CndMon4"
	"0x010D"	"Room13.CndMon4.RefIO"	"Room13.CndMon4.RefIO"
	"0x010D"	"Room13.CndMon4.Val"	"Room13.CndMon4.Val"
	"0x010D"	"Room13.OpModMan"	"Room13.OpModMan"
	"0x010D"	"Room13.ShedSel"	"Room13.ShedSel"
	"0x010D"	"Room13.SpTRPrt"	"Room13.SpTRPrt"
	"0x010D"	"Room13.SpTREco"	"Room13.SpTREco"
	"0x010D"	"Room13.SpTRCmf"	"Room13.SpTRCmf"
	"0x010D"	"Room13.PltMod"	"Room13.PltMod"
	"0x010D"	"Room13.VlvCtl"	"Room13.VlvCtl"
	"0x010D"	"Room13.VlvCtl.AggrMod"	"Room13.VlvCtl.AggrMod"
	"0x010D"	"Room13.VlvCtl.Low"	"Room13.VlvCtl.Low"
	"0x010D"	"Room13.VlvCtl.High"	"Room13.VlvCtl.High"
	"0x010D"	"Room13.VlvCtl.TiDly"	"Room13.VlvCtl.TiDly"
	"0x010D"	"Room13.VlvCtl.SwiOn"	"Room13.VlvCtl.SwiOn"
	"0x010D"	"Room13.VlvCtl.SwiOff"	"Room13.VlvCtl.SwiOff"
	"0x010D"	"Room13.VlvCtl.Ctl"	"Room13.VlvCtl.Ctl"
	"0x010D"	"Room13.Vlv2"	"Room13.Vlv2"
	"0x010D"	"Room13.Vlv2.RefIO"	"Room13.Vlv2.RefIO"
	"0x010D"	"Room13.Vlv2.Cmd"	"Room13.Vlv2.Cmd"
	"0x010D"	"Room13.Vlv2.Pos"	"Room13.Vlv2.Pos"
	"0x010D"	"Room13.Vlv"	"Room13.Vlv"
	"0x010D"	"Room13.Vlv.RefIO"	"Room13.Vlv.RefIO"
	"0x010D"	"Room13.Vlv.Cmd"	"Room13.Vlv.Cmd"
	"0x010D"	"Room13.Vlv.Pos"	"Room13.Vlv.Pos"
	"0x010D"	"Room13.Vlv3"	"Room13.Vlv3"
	"0x010D"	"Room13.Vlv3.RefIO"	"Room13.Vlv3.RefIO"
	"0x010D"	"Room13.Vlv3.Cmd"	"Room13.Vlv3.Cmd"
	"0x010D"	"Room13.Vlv3.Pos"	"Room13.Vlv3.Pos"
	"0x010D"	"Room13.Vlv4"	"Room13.Vlv4"
	"0x010D"	"Room13.Vlv4.RefIO"	"Room13.Vlv4.RefIO"
	"0x010D"	"Room13.Vlv4.Cmd"	"Room13.Vlv4.Cmd"
	"0x010D"	"Room13.Vlv4.Pos"	"Room13.Vlv4.Pos"
	"0x010D"	"Room13.Ime"	"Room13.Ime"
	"0x010D"	"Room14"	"Room14"
	"0x010D"	"Room14.TR"	"Room14.TR"
	"0x010D"	"Room14.TR.SpTiCom"	"Room14.TR.SpTiCom"
	"0x010D"	"Room14.TR.Val"	"Room14.TR.Val"
	"0x010D"	"Room14.CndMon2"	"Room14.CndMon2"
	"0x010D"	"Room14.CndMon2.RefIO"	"Room14.CndMon2.RefIO"
	"0x010D"	"Room14.CndMon2.Val"	"Room14.CndMon2.Val"
	"0x010D"	"Room14.CndMon"	"Room14.CndMon"
	"0x010D"	"Room14.CndMon.RefIO"	"Room14.CndMon.RefIO"
	"0x010D"	"Room14.CndMon.Val"	"Room14.CndMon.Val"
	"0x010D"	"Room14.CndMon3"	"Room14.CndMon3"
	"0x010D"	"Room14.CndMon3.RefIO"	"Room14.CndMon3.RefIO"
	"0x010D"	"Room14.CndMon3.Val"	"Room14.CndMon3.Val"
	"0x010D"	"Room14.CndMon4"	"Room14.CndMon4"
	"0x010D"	"Room14.CndMon4.RefIO"	"Room14.CndMon4.RefIO"
	"0x010D"	"Room14.CndMon4.Val"	"Room14.CndMon4.Val"
	"0x010D"	"Room14.OpModMan"	"Room14.OpModMan"
	"0x010D"	"Room14.ShedSel"	"Room14.ShedSel"
	"0x010D"	"Room14.SpTRPrt"	"Room14.SpTRPrt"
	"0x010D"	"Room14.SpTREco"	"Room14.SpTREco"
	"0x010D"	"Room14.SpTRCmf"	"Room14.SpTRCmf"
	"0x010D"	"Room14.PltMod"	"Room14.PltMod"
	"0x010D"	"Room14.VlvCtl"	"Room14.VlvCtl"
	"0x010D"	"Room14.VlvCtl.AggrMod"	"Room14.VlvCtl.AggrMod"
	"0x010D"	"Room14.VlvCtl.Low"	"Room14.VlvCtl.Low"
	"0x010D"	"Room14.VlvCtl.High"	"Room14.VlvCtl.High"
	"0x010D"	"Room14.VlvCtl.TiDly"	"Room14.VlvCtl.TiDly"
	"0x010D"	"Room14.VlvCtl.SwiOn"	"Room14.VlvCtl.SwiOn"
	"0x010D"	"Room14.VlvCtl.SwiOff"	"Room14.VlvCtl.SwiOff"
	"0x010D"	"Room14.VlvCtl.Ctl"	"Room14.VlvCtl.Ctl"
	"0x010D"	"Room14.Vlv2"	"Room14.Vlv2"
	"0x010D"	"Room14.Vlv2.RefIO"	"Room14.Vlv2.RefIO"
	"0x010D"	"Room14.Vlv2.Cmd"	"Room14.Vlv2.Cmd"
	"0x010D"	"Room14.Vlv2.Pos"	"Room14.Vlv2.Pos"
	"0x010D"	"Room14.Vlv"	"Room14.Vlv"
	"0x010D"	"Room14.Vlv.RefIO"	"Room14.Vlv.RefIO"
	"0x010D"	"Room14.Vlv.Cmd"	"Room14.Vlv.Cmd"
	"0x010D"	"Room14.Vlv.Pos"	"Room14.Vlv.Pos"
	"0x010D"	"Room14.Vlv3"	"Room14.Vlv3"
	"0x010D"	"Room14.Vlv3.RefIO"	"Room14.Vlv3.RefIO"
	"0x010D"	"Room14.Vlv3.Cmd"	"Room14.Vlv3.Cmd"
	"0x010D"	"Room14.Vlv3.Pos"	"Room14.Vlv3.Pos"
	"0x010D"	"Room14.Vlv4"	"Room14.Vlv4"
	"0x010D"	"Room14.Vlv4.RefIO"	"Room14.Vlv4.RefIO"
	"0x010D"	"Room14.Vlv4.Cmd"	"Room14.Vlv4.Cmd"
	"0x010D"	"Room14.Vlv4.Pos"	"Room14.Vlv4.Pos"
	"0x010D"	"Room14.Ime"	"Room14.Ime"
	"0x010D"	"Room15"	"Room15"
	"0x010D"	"Room15.TR"	"Room15.TR"
	"0x010D"	"Room15.TR.SpTiCom"	"Room15.TR.SpTiCom"
	"0x010D"	"Room15.TR.Val"	"Room15.TR.Val"
	"0x010D"	"Room15.CndMon2"	"Room15.CndMon2"
	"0x010D"	"Room15.CndMon2.RefIO"	"Room15.CndMon2.RefIO"
	"0x010D"	"Room15.CndMon2.Val"	"Room15.CndMon2.Val"
	"0x010D"	"Room15.CndMon"	"Room15.CndMon"
	"0x010D"	"Room15.CndMon.RefIO"	"Room15.CndMon.RefIO"
	"0x010D"	"Room15.CndMon.Val"	"Room15.CndMon.Val"
	"0x010D"	"Room15.CndMon3"	"Room15.CndMon3"
	"0x010D"	"Room15.CndMon3.RefIO"	"Room15.CndMon3.RefIO"
	"0x010D"	"Room15.CndMon3.Val"	"Room15.CndMon3.Val"
	"0x010D"	"Room15.CndMon4"	"Room15.CndMon4"
	"0x010D"	"Room15.CndMon4.RefIO"	"Room15.CndMon4.RefIO"
	"0x010D"	"Room15.CndMon4.Val"	"Room15.CndMon4.Val"
	"0x010D"	"Room15.OpModMan"	"Room15.OpModMan"
	"0x010D"	"Room15.ShedSel"	"Room15.ShedSel"
	"0x010D"	"Room15.SpTRPrt"	"Room15.SpTRPrt"
	"0x010D"	"Room15.SpTREco"	"Room15.SpTREco"
	"0x010D"	"Room15.SpTRCmf"	"Room15.SpTRCmf"
	"0x010D"	"Room15.PltMod"	"Room15.PltMod"
	"0x010D"	"Room15.VlvCtl"	"Room15.VlvCtl"
	"0x010D"	"Room15.VlvCtl.AggrMod"	"Room15.VlvCtl.AggrMod"
	"0x010D"	"Room15.VlvCtl.Low"	"Room15.VlvCtl.Low"
	"0x010D"	"Room15.VlvCtl.High"	"Room15.VlvCtl.High"
	"0x010D"	"Room15.VlvCtl.TiDly"	"Room15.VlvCtl.TiDly"
	"0x010D"	"Room15.VlvCtl.SwiOn"	"Room15.VlvCtl.SwiOn"
	"0x010D"	"Room15.VlvCtl.SwiOff"	"Room15.VlvCtl.SwiOff"
	"0x010D"	"Room15.VlvCtl.Ctl"	"Room15.VlvCtl.Ctl"
	"0x010D"	"Room15.Vlv2"	"Room15.Vlv2"
	"0x010D"	"Room15.Vlv2.RefIO"	"Room15.Vlv2.RefIO"
	"0x010D"	"Room15.Vlv2.Cmd"	"Room15.Vlv2.Cmd"
	"0x010D"	"Room15.Vlv2.Pos"	"Room15.Vlv2.Pos"
	"0x010D"	"Room15.Vlv"	"Room15.Vlv"
	"0x010D"	"Room15.Vlv.RefIO"	"Room15.Vlv.RefIO"
	"0x010D"	"Room15.Vlv.Cmd"	"Room15.Vlv.Cmd"
	"0x010D"	"Room15.Vlv.Pos"	"Room15.Vlv.Pos"
	"0x010D"	"Room15.Vlv3"	"Room15.Vlv3"
	"0x010D"	"Room15.Vlv3.RefIO"	"Room15.Vlv3.RefIO"
	"0x010D"	"Room15.Vlv3.Cmd"	"Room15.Vlv3.Cmd"
	"0x010D"	"Room15.Vlv3.Pos"	"Room15.Vlv3.Pos"
	"0x010D"	"Room15.Vlv4"	"Room15.Vlv4"
	"0x010D"	"Room15.Vlv4.RefIO"	"Room15.Vlv4.RefIO"
	"0x010D"	"Room15.Vlv4.Cmd"	"Room15.Vlv4.Cmd"
	"0x010D"	"Room15.Vlv4.Pos"	"Room15.Vlv4.Pos"
	"0x010D"	"Room15.Ime"	"Room15.Ime"
	"0x010D"	"Pred"	"Pred"
	"0x010D"	"Pred.TSup"	"Pred.TSup"
	"0x010D"	"Pred.TSup.RefIO"	"Pred.TSup.RefIO"
	"0x010D"	"Pred.TSup.Val"	"Pred.TSup.Val"
	"0x010D"	"Pred.Ime"	"Pred.Ime"
	"0x010D"	"Pred.DmpSup"	"Pred.DmpSup"
	"0x010D"	"Pred.DmpSup.RefIO"	"Pred.DmpSup.RefIO"
	"0x010D"	"Pred.DmpSup.Cmd"	"Pred.DmpSup.Cmd"
	"0x010D"	"Pred.DmpSup.Pos"	"Pred.DmpSup.Pos"
	"0x010D"	"Pred.DmpExt"	"Pred.DmpExt"
	"0x010D"	"Pred.DmpExt.RefIO"	"Pred.DmpExt.RefIO"
	"0x010D"	"Pred.DmpExt.Cmd"	"Pred.DmpExt.Cmd"
	"0x010D"	"Pred.DmpExt.Pos"	"Pred.DmpExt.Pos"
	"0x010D"	"Pred.FlrPred"	"Pred.FlrPred"
	"0x010D"	"Pred.FlrPred.RefIO"	"Pred.FlrPred.RefIO"
	"0x010D"	"Pred.FlrPred.Cmd"	"Pred.FlrPred.Cmd"
	"0x010D"	"TR1"	"TR1"
	"0x010D"	"TR1.SpTiCom"	"TR1.SpTiCom"
	"0x010D"	"TR1.Val"	"TR1.Val"
	"0x010D"	"TR2"	"TR2"
	"0x010D"	"TR2.SpTiCom"	"TR2.SpTiCom"
	"0x010D"	"TR2.Val"	"TR2.Val"
	"0x010D"	"TR3"	"TR3"
	"0x010D"	"TR3.SpTiCom"	"TR3.SpTiCom"
	"0x010D"	"TR3.Val"	"TR3.Val"
	"0x010D"	"HR1"	"HR1"
	"0x010D"	"HR1.SpTiCom"	"HR1.SpTiCom"
	"0x010D"	"HR1.Val"	"HR1.Val"
	"0x010D"	"HR2"	"HR2"
	"0x010D"	"HR2.SpTiCom"	"HR2.SpTiCom"
	"0x010D"	"HR2.Val"	"HR2.Val"
	"0x010D"	"HR3"	"HR3"
	"0x010D"	"HR3.SpTiCom"	"HR3.SpTiCom"
	"0x010D"	"HR3.Val"	"HR3.Val"
	"0x010D"	"AirQ1"	"AirQ1"
	"0x010D"	"AirQ1.SpTiCom"	"AirQ1.SpTiCom"
	"0x010D"	"AirQ1.Val"	"AirQ1.Val"
	"0x010D"	"AirQ2"	"AirQ2"
	"0x010D"	"AirQ2.SpTiCom"	"AirQ2.SpTiCom"
	"0x010D"	"AirQ2.Val"	"AirQ2.Val"
	"0x010D"	"AirQ3"	"AirQ3"
	"0x010D"	"AirQ3.SpTiCom"	"AirQ3.SpTiCom"
	"0x010D"	"AirQ3.Val"	"AirQ3.Val"
	"0x010D"	"Pred.OpModMan"	"Pred.OpModMan"
	"0x010D"	"Pred.ShedSel"	"Pred.ShedSel"
	"0x010D"	"Pred.SpTRPrt"	"Pred.SpTRPrt"
	"0x010D"	"Pred.SpTREco"	"Pred.SpTREco"
	"0x010D"	"Pred.SpTRCmf"	"Pred.SpTRCmf"
	"0x010D"	"Pred.PltMod"	"Pred.PltMod"
	"0x010D"	"SpPWMPT"	"SpPWMPT"
	"0x010D"	"HeatCtl"	"HeatCtl"
	"0x010D"	"HeatCtl.AggrMod"	"HeatCtl.AggrMod"
	"0x010D"	"HeatCtl.Low"	"HeatCtl.Low"
	"0x010D"	"HeatCtl.High"	"HeatCtl.High"
	"0x010D"	"HeatCtl.TiDly"	"HeatCtl.TiDly"
	"0x010D"	"HeatCtl.SwiOn"	"HeatCtl.SwiOn"
	"0x010D"	"HeatCtl.SwiOff"	"HeatCtl.SwiOff"
	"0x010D"	"HeatCtl.Ctl"	"HeatCtl.Ctl"
	"0x010D"	"Pred.SpAQPrt1"	"Pred.SpAQPrt1"
	"0x010D"	"Pred.SpAQEco1"	"Pred.SpAQEco1"
	"0x010D"	"Pred.SpAQCmf1"	"Pred.SpAQCmf1"
	"0x010D"	"AirQCntrl"	"AirQCntrl"
	"0x010D"	"AirQCntrl.AggrMod"	"AirQCntrl.AggrMod"
	"0x010D"	"AirQCntrl.SwiOn"	"AirQCntrl.SwiOn"
	"0x010D"	"AirQCntrl.Low"	"AirQCntrl.Low"
	"0x010D"	"AirQCntrl.High"	"AirQCntrl.High"
	"0x010D"	"SpectCT"	"SpectCT"
	"0x010D"	"SpectCT.dP"	"SpectCT.dP"
	"0x010D"	"SpectCT.dP.RefIO"	"SpectCT.dP.RefIO"
	"0x010D"	"SpectCT.dP.Val"	"SpectCT.dP.Val"
	"0x010D"	"SpectCT.SpdP"	"SpectCT.SpdP"
	"0x010D"	"SpectCT.dPCtl"	"SpectCT.dPCtl"
	"0x010D"	"SpectCT.dPCtl.AggrMod"	"SpectCT.dPCtl.AggrMod"
	"0x010D"	"SpectCT.dPCtl.SwiOn"	"SpectCT.dPCtl.SwiOn"
	"0x010D"	"SpectCT.dPCtl.Low"	"SpectCT.dPCtl.Low"
	"0x010D"	"SpectCT.dPCtl.High"	"SpectCT.dPCtl.High"
	"0x010D"	"SpectCT.DmpSup"	"SpectCT.DmpSup"
	"0x010D"	"SpectCT.DmpSup.RefIO"	"SpectCT.DmpSup.RefIO"
	"0x010D"	"SpectCT.DmpSup.Cmd"	"SpectCT.DmpSup.Cmd"
	"0x010D"	"SpectCT.DmpSup.Pos"	"SpectCT.DmpSup.Pos"
	"0x010D"	"SpectCT.DmpExt"	"SpectCT.DmpExt"
	"0x010D"	"SpectCT.DmpExt.RefIO"	"SpectCT.DmpExt.RefIO"
	"0x010D"	"SpectCT.DmpExt.Cmd"	"SpectCT.DmpExt.Cmd"
	"0x010D"	"SpectCT.DmpExt.Pos"	"SpectCT.DmpExt.Pos"
	"0x010D"	"SpectCT.TR"	"SpectCT.TR"
	"0x010D"	"SpectCT.TR.SpTiCom"	"SpectCT.TR.SpTiCom"
	"0x010D"	"SpectCT.TR.Val"	"SpectCT.TR.Val"
	"0x010D"	"SpectCT.TSup"	"SpectCT.TSup"
	"0x010D"	"SpectCT.TSup.RefIO"	"SpectCT.TSup.RefIO"
	"0x010D"	"SpectCT.TSup.Val"	"SpectCT.TSup.Val"
	"0x010D"	"SpectCT.Ime"	"SpectCT.Ime"
	"0x010D"	"SpectCT.SpSupPos"	"SpectCT.SpSupPos"
	"0x010D"	"SpectCT2"	"SpectCT2"
	"0x010D"	"SpectCT2.dP"	"SpectCT2.dP"
	"0x010D"	"SpectCT2.dP.RefIO"	"SpectCT2.dP.RefIO"
	"0x010D"	"SpectCT2.dP.Val"	"SpectCT2.dP.Val"
	"0x010D"	"SpectCT2.SpdP"	"SpectCT2.SpdP"
	"0x010D"	"SpectCT2.dPCtl"	"SpectCT2.dPCtl"
	"0x010D"	"SpectCT2.dPCtl.AggrMod"	"SpectCT2.dPCtl.AggrMod"
	"0x010D"	"SpectCT2.dPCtl.SwiOn"	"SpectCT2.dPCtl.SwiOn"
	"0x010D"	"SpectCT2.dPCtl.Low"	"SpectCT2.dPCtl.Low"
	"0x010D"	"SpectCT2.dPCtl.High"	"SpectCT2.dPCtl.High"
	"0x010D"	"SpectCT2.DmpSup"	"SpectCT2.DmpSup"
	"0x010D"	"SpectCT2.DmpSup.RefIO"	"SpectCT2.DmpSup.RefIO"
	"0x010D"	"SpectCT2.DmpSup.Cmd"	"SpectCT2.DmpSup.Cmd"
	"0x010D"	"SpectCT2.DmpSup.Pos"	"SpectCT2.DmpSup.Pos"
	"0x010D"	"SpectCT2.DmpExt"	"SpectCT2.DmpExt"
	"0x010D"	"SpectCT2.DmpExt.RefIO"	"SpectCT2.DmpExt.RefIO"
	"0x010D"	"SpectCT2.DmpExt.Cmd"	"SpectCT2.DmpExt.Cmd"
	"0x010D"	"SpectCT2.DmpExt.Pos"	"SpectCT2.DmpExt.Pos"
	"0x010D"	"SpectCT2.TR"	"SpectCT2.TR"
	"0x010D"	"SpectCT2.TR.SpTiCom"	"SpectCT2.TR.SpTiCom"
	"0x010D"	"SpectCT2.TR.Val"	"SpectCT2.TR.Val"
	"0x010D"	"SpectCT2.TSup"	"SpectCT2.TSup"
	"0x010D"	"SpectCT2.TSup.RefIO"	"SpectCT2.TSup.RefIO"
	"0x010D"	"SpectCT2.TSup.Val"	"SpectCT2.TSup.Val"
	"0x010D"	"SpectCT2.Ime"	"SpectCT2.Ime"
	"0x010D"	"SpectCT2.SpSupPos"	"SpectCT2.SpSupPos"
	"0x010D"	"aoAvlaUnit"	"aoAvlaUnit"
	"0x010D"	"aoAvlaUnit.TR"	"aoAvlaUnit.TR"
	"0x010D"	"aoAvlaUnit.TR.SpTiCom"	"aoAvlaUnit.TR.SpTiCom"
	"0x010D"	"aoAvlaUnit.TR.Val"	"aoAvlaUnit.TR.Val"
	"0x010D"	"aoAvlaUnit.FlrAvla"	"aoAvlaUnit.FlrAvla"
	"0x010D"	"aoAvlaUnit.FlrAvla.RefIO"	"aoAvlaUnit.FlrAvla.RefIO"
	"0x010D"	"aoAvlaUnit.FlrAvla.Cmd"	"aoAvlaUnit.FlrAvla.Cmd"
	"0x010D"	"aoAvlaUnit.OpModMan"	"aoAvlaUnit.OpModMan"
	"0x010D"	"aoAvlaUnit.ShedSel"	"aoAvlaUnit.ShedSel"
	"0x010D"	"aoAvlaUnit.SpTRPrt"	"aoAvlaUnit.SpTRPrt"
	"0x010D"	"aoAvlaUnit.SpTREco"	"aoAvlaUnit.SpTREco"
	"0x010D"	"aoAvlaUnit.SpTRCmf"	"aoAvlaUnit.SpTRCmf"
	"0x010D"	"aoAvlaUnit.PltMod"	"aoAvlaUnit.PltMod"
	"0x010D"	"SpPWMPT"	"SpPWMPT"
	"0x010D"	"HeatCtl"	"HeatCtl"
	"0x010D"	"HeatCtl.AggrMod"	"HeatCtl.AggrMod"
	"0x010D"	"HeatCtl.Low"	"HeatCtl.Low"
	"0x010D"	"HeatCtl.High"	"HeatCtl.High"
	"0x010D"	"HeatCtl.TiDly"	"HeatCtl.TiDly"
	"0x010D"	"HeatCtl.SwiOn"	"HeatCtl.SwiOn"
	"0x010D"	"HeatCtl.SwiOff"	"HeatCtl.SwiOff"
	"0x010D"	"HeatCtl.Ctl"	"HeatCtl.Ctl"
	"0x010D"	"aoAvlaUnit.Ime"	"aoAvlaUnit.Ime"
	"0x010D"	"aoAdminUnit"	"aoAdminUnit"
	"0x010D"	"TR1"	"TR1"
	"0x010D"	"TR1.SpTiCom"	"TR1.SpTiCom"
	"0x010D"	"TR1.Val"	"TR1.Val"
	"0x010D"	"TR2"	"TR2"
	"0x010D"	"TR2.SpTiCom"	"TR2.SpTiCom"
	"0x010D"	"TR2.Val"	"TR2.Val"
	"0x010D"	"TR3"	"TR3"
	"0x010D"	"TR3.SpTiCom"	"TR3.SpTiCom"
	"0x010D"	"TR3.Val"	"TR3.Val"
	"0x010D"	"aoAdminUnit.Ime"	"aoAdminUnit.Ime"
	"0x010D"	"aoAdminUnit.CndMon"	"aoAdminUnit.CndMon"
	"0x010D"	"aoAdminUnit.CndMon.RefIO"	"aoAdminUnit.CndMon.RefIO"
	"0x010D"	"aoAdminUnit.CndMon.Val"	"aoAdminUnit.CndMon.Val"
	"0x010D"	"CndMon2"	"CndMon2"
	"0x010D"	"CndMon2.RefIO"	"CndMon2.RefIO"
	"0x010D"	"CndMon2.Val"	"CndMon2.Val"
	"0x010D"	"CndMon3"	"CndMon3"
	"0x010D"	"CndMon3.RefIO"	"CndMon3.RefIO"
	"0x010D"	"CndMon3.Val"	"CndMon3.Val"
	"0x010D"	"CndMon4"	"CndMon4"
	"0x010D"	"CndMon4.RefIO"	"CndMon4.RefIO"
	"0x010D"	"CndMon4.Val"	"CndMon4.Val"
	"0x010D"	"CndMon6"	"CndMon6"
	"0x010D"	"CndMon6.RefIO"	"CndMon6.RefIO"
	"0x010D"	"CndMon6.Val"	"CndMon6.Val"
	"0x010D"	"CndMon5"	"CndMon5"
	"0x010D"	"CndMon5.RefIO"	"CndMon5.RefIO"
	"0x010D"	"CndMon5.Val"	"CndMon5.Val"
	"0x010D"	"CndMon7"	"CndMon7"
	"0x010D"	"CndMon7.RefIO"	"CndMon7.RefIO"
	"0x010D"	"CndMon7.Val"	"CndMon7.Val"
	"0x010D"	"CndMon8"	"CndMon8"
	"0x010D"	"CndMon8.RefIO"	"CndMon8.RefIO"
	"0x010D"	"CndMon8.Val"	"CndMon8.Val"
	"0x010D"	"aoAdminUnit.OpModMan"	"aoAdminUnit.OpModMan"
	"0x010D"	"aoAdminUnit.ShedSel"	"aoAdminUnit.ShedSel"
	"0x010D"	"aoAdminUnit.SpTRPrt"	"aoAdminUnit.SpTRPrt"
	"0x010D"	"aoAdminUnit.SpTREco"	"aoAdminUnit.SpTREco"
	"0x010D"	"aoAdminUnit.SpTRCmf"	"aoAdminUnit.SpTRCmf"
	"0x010D"	"aoAdminUnit.PltMod"	"aoAdminUnit.PltMod"
	"0x010D"	"aoAdminUnit.VlvCtl"	"aoAdminUnit.VlvCtl"
	"0x010D"	"aoAdminUnit.VlvCtl.AggrMod"	"aoAdminUnit.VlvCtl.AggrMod"
	"0x010D"	"aoAdminUnit.VlvCtl.Low"	"aoAdminUnit.VlvCtl.Low"
	"0x010D"	"aoAdminUnit.VlvCtl.High"	"aoAdminUnit.VlvCtl.High"
	"0x010D"	"aoAdminUnit.VlvCtl.TiDly"	"aoAdminUnit.VlvCtl.TiDly"
	"0x010D"	"aoAdminUnit.VlvCtl.SwiOn"	"aoAdminUnit.VlvCtl.SwiOn"
	"0x010D"	"aoAdminUnit.VlvCtl.SwiOff"	"aoAdminUnit.VlvCtl.SwiOff"
	"0x010D"	"aoAdminUnit.VlvCtl.Ctl"	"aoAdminUnit.VlvCtl.Ctl"
	"0x010D"	"aoAdminUnit.Vlv"	"aoAdminUnit.Vlv"
	"0x010D"	"aoAdminUnit.Vlv.RefIO"	"aoAdminUnit.Vlv.RefIO"
	"0x010D"	"aoAdminUnit.Vlv.Cmd"	"aoAdminUnit.Vlv.Cmd"
	"0x010D"	"aoAdminUnit.Vlv.Pos"	"aoAdminUnit.Vlv.Pos"
	"0x010D"	"Vlv2"	"Vlv2"
	"0x010D"	"Vlv2.RefIO"	"Vlv2.RefIO"
	"0x010D"	"Vlv2.Cmd"	"Vlv2.Cmd"
	"0x010D"	"Vlv2.Pos"	"Vlv2.Pos"
	"0x010D"	"Vlv3"	"Vlv3"
	"0x010D"	"Vlv3.RefIO"	"Vlv3.RefIO"
	"0x010D"	"Vlv3.Cmd"	"Vlv3.Cmd"
	"0x010D"	"Vlv3.Pos"	"Vlv3.Pos"
	"0x010D"	"Vlv4"	"Vlv4"
	"0x010D"	"Vlv4.RefIO"	"Vlv4.RefIO"
	"0x010D"	"Vlv4.Cmd"	"Vlv4.Cmd"
	"0x010D"	"Vlv4.Pos"	"Vlv4.Pos"
	"0x010D"	"Vlv5"	"Vlv5"
	"0x010D"	"Vlv5.RefIO"	"Vlv5.RefIO"
	"0x010D"	"Vlv5.Cmd"	"Vlv5.Cmd"
	"0x010D"	"Vlv5.Pos"	"Vlv5.Pos"
	"0x010D"	"Vlv6"	"Vlv6"
	"0x010D"	"Vlv6.RefIO"	"Vlv6.RefIO"
	"0x010D"	"Vlv6.Cmd"	"Vlv6.Cmd"
	"0x010D"	"Vlv6.Pos"	"Vlv6.Pos"
	"0x010D"	"Vlv7"	"Vlv7"
	"0x010D"	"Vlv7.RefIO"	"Vlv7.RefIO"
	"0x010D"	"Vlv7.Cmd"	"Vlv7.Cmd"
	"0x010D"	"Vlv7.Pos"	"Vlv7.Pos"
	"0x010D"	"Vlv8"	"Vlv8"
	"0x010D"	"Vlv8.RefIO"	"Vlv8.RefIO"
	"0x010D"	"Vlv8.Cmd"	"Vlv8.Cmd"
	"0x010D"	"Vlv8.Pos"	"Vlv8.Pos"
